"last_name, first_name",player_id,year,pa,bip,ba,est_ba,est_ba_minus_ba_diff,slg,est_slg,est_slg_minus_slg_diff,woba,est_woba,est_woba_minus_woba_diff
"Wood, James",695578,2026,484,258,0.27,0.278,-0.008,0.551,0.602,-0.0509999999999999,0.402,0.426,-0.0239999999999999
"Ward, Taylor",621493,2026,468,287,0.251,0.251,0.0,0.359,0.379,-0.02,0.341,0.348,-0.0069999999999999
"Henderson, Gunnar",683002,2026,467,317,0.225,0.236,-0.0109999999999999,0.405,0.383,0.022,0.306,0.304,0.002
"Bregman, Alex",608324,2026,458,325,0.239,0.234,0.0049999999999999,0.358,0.349,0.009,0.31,0.305,0.005
"Busch, Michael",683737,2026,452,272,0.244,0.231,0.0129999999999999,0.405,0.407,-0.0019999999999999,0.345,0.341,0.0039999999999999
"Herrera, Iván",671056,2026,451,300,0.241,0.241,0.0,0.373,0.368,0.005,0.333,0.332,0.001
"Neto, Zach",687263,2026,448,255,0.238,0.203,0.0349999999999999,0.446,0.402,0.0439999999999999,0.336,0.307,0.029
"Reynolds, Bryan",668804,2026,448,269,0.275,0.252,0.023,0.463,0.442,0.021,0.375,0.36,0.015
"Alonso, Pete",624413,2026,448,276,0.247,0.271,-0.024,0.461,0.504,-0.0429999999999999,0.35,0.376,-0.026
"Hoerner, Nico",663538,2026,447,370,0.244,0.29,-0.0459999999999999,0.337,0.366,-0.0289999999999999,0.29,0.32,-0.03
"Alvarez, Yordan",670541,2026,446,299,0.328,0.337,-0.009,0.656,0.721,-0.0649999999999999,0.45,0.477,-0.0269999999999999
"Crow-Armstrong, Pete",691718,2026,445,266,0.282,0.257,0.0249999999999999,0.517,0.463,0.0539999999999999,0.388,0.36,0.028
"Olson, Matt",621566,2026,444,290,0.27,0.25,0.02,0.532,0.509,0.023,0.374,0.36,0.014
"Tatis Jr., Fernando",665487,2026,444,312,0.286,0.289,-0.003,0.408,0.446,-0.038,0.333,0.357,-0.0239999999999999
"Caminero, Junior",691406,2026,443,305,0.29,0.282,0.008,0.559,0.513,0.046,0.397,0.378,0.019
"Turner, Trea",607208,2026,442,313,0.244,0.244,0.0,0.39,0.373,0.017,0.3,0.295,0.005
"Stewart, Sal",701398,2026,440,299,0.249,0.249,0.0,0.472,0.474,-0.002,0.342,0.349,-0.0069999999999999
"Bichette, Bo",666182,2026,440,330,0.256,0.281,-0.025,0.372,0.419,-0.0469999999999999,0.298,0.327,-0.029
"McGonigle, Kevin",805808,2026,439,312,0.282,0.267,0.0149999999999999,0.424,0.441,-0.017,0.362,0.361,0.001
"Albies, Ozzie",645277,2026,439,341,0.262,0.237,0.025,0.43,0.36,0.07,0.321,0.287,0.034
"Schwarber, Kyle",656941,2026,439,218,0.248,0.237,0.011,0.547,0.505,0.042,0.388,0.369,0.019
"Pages, Andy",681624,2026,438,308,0.268,0.268,0.0,0.459,0.441,0.018,0.343,0.338,0.005
"Turang, Brice",668930,2026,437,272,0.259,0.252,0.007,0.452,0.437,0.015,0.352,0.345,0.007
"Aranda, Jonathan",666018,2026,435,275,0.286,0.261,0.0249999999999999,0.447,0.446,0.001,0.362,0.357,0.005
"Vargas, Miguel",678246,2026,435,299,0.245,0.271,-0.026,0.486,0.53,-0.044,0.361,0.392,-0.031
"Wetherholt, JJ",802139,2026,435,310,0.257,0.259,-0.002,0.403,0.438,-0.0349999999999999,0.336,0.349,-0.0129999999999999
"Freeman, Freddie",518692,2026,434,309,0.289,0.292,-0.003,0.48,0.494,-0.014,0.371,0.38,-0.009
"Edwards, Xavier",669364,2026,434,324,0.29,0.265,0.0249999999999999,0.404,0.377,0.027,0.341,0.322,0.019
"Harper, Bryce",547180,2026,433,278,0.256,0.272,-0.016,0.493,0.504,-0.011,0.367,0.384,-0.017
"Ohtani, Shohei",660271,2026,433,265,0.283,0.29,-0.007,0.525,0.572,-0.0469999999999999,0.387,0.409,-0.0219999999999999
"Devers, Rafael",646240,2026,433,271,0.242,0.229,0.0129999999999999,0.468,0.446,0.022,0.334,0.32,0.014
"Marte, Ketel",606466,2026,432,336,0.258,0.291,-0.0329999999999999,0.461,0.491,-0.0299999999999999,0.332,0.361,-0.0289999999999999
"Abreu, Wilyer",677800,2026,429,298,0.261,0.261,0.0,0.451,0.477,-0.0259999999999999,0.338,0.348,-0.0099999999999999
"Lopez, Otto",672640,2026,428,342,0.332,0.29,0.042,0.499,0.443,0.0559999999999999,0.372,0.337,0.0349999999999999
"Díaz, Yandy",650490,2026,428,321,0.308,0.291,0.017,0.469,0.453,0.0159999999999999,0.371,0.362,0.009
"Lile, Daylen",695734,2026,428,319,0.244,0.255,-0.011,0.405,0.415,-0.0099999999999999,0.304,0.316,-0.012
"Bellinger, Cody",641355,2026,426,303,0.256,0.278,-0.022,0.417,0.42,-0.003,0.337,0.351,-0.0139999999999999
"Greene, Riley",682985,2026,424,253,0.285,0.259,0.0259999999999999,0.471,0.479,-0.008,0.368,0.363,0.005
"Burleson, Alec",676475,2026,424,322,0.279,0.298,-0.0189999999999999,0.462,0.537,-0.075,0.348,0.384,-0.036
"Arraez, Luis",650333,2026,424,378,0.32,0.283,0.037,0.446,0.369,0.077,0.345,0.302,0.0429999999999999
"Happ, Ian",664023,2026,423,231,0.222,0.206,0.016,0.433,0.414,0.019,0.336,0.323,0.013
"Abrams, CJ",682928,2026,423,286,0.286,0.262,0.0239999999999999,0.544,0.468,0.076,0.384,0.351,0.033
"Lowe, Brandon",664040,2026,423,267,0.243,0.245,-0.002,0.472,0.453,0.0189999999999999,0.336,0.336,0.0
"Adell, Jo",666176,2026,423,302,0.241,0.26,-0.019,0.398,0.439,-0.0409999999999999,0.301,0.325,-0.024
"Walker, Jordan",691023,2026,422,279,0.289,0.282,0.007,0.517,0.505,0.012,0.372,0.367,0.005
"Merrill, Jackson",701538,2026,420,286,0.225,0.248,-0.0229999999999999,0.377,0.434,-0.0569999999999999,0.287,0.318,-0.031
"Perdomo, Geraldo",672695,2026,419,305,0.237,0.248,-0.011,0.355,0.335,0.0199999999999999,0.321,0.325,-0.004
"Carroll, Corbin",682998,2026,419,271,0.252,0.25,0.002,0.49,0.445,0.0449999999999999,0.358,0.344,0.014
"Machado, Manny",592518,2026,418,278,0.202,0.236,-0.0339999999999999,0.428,0.435,-0.007,0.31,0.329,-0.019
"Rice, Ben",700250,2026,415,265,0.277,0.274,0.003,0.59,0.526,0.0639999999999999,0.402,0.382,0.02
"Witt Jr., Bobby",677951,2026,414,299,0.279,0.306,-0.0269999999999999,0.45,0.517,-0.067,0.346,0.386,-0.04
"Walker, Christian",572233,2026,414,276,0.234,0.222,0.012,0.452,0.379,0.073,0.329,0.298,0.031
"Naylor, Josh",647304,2026,413,327,0.261,0.274,-0.013,0.359,0.395,-0.036,0.303,0.321,-0.018
"Kurtz, Nick",701762,2026,412,204,0.266,0.25,0.016,0.497,0.493,0.004,0.389,0.379,0.01
"Langeliers, Shea",669127,2026,412,278,0.263,0.269,-0.006,0.497,0.517,-0.02,0.357,0.365,-0.008
"Guerrero Jr., Vladimir",665489,2026,411,310,0.256,0.285,-0.0289999999999999,0.351,0.407,-0.0559999999999999,0.306,0.341,-0.035
"Meidroth, Chase",805367,2026,411,273,0.277,0.235,0.042,0.382,0.325,0.0569999999999999,0.325,0.288,0.037
"Riley, Austin",663586,2026,410,248,0.216,0.211,0.005,0.355,0.39,-0.035,0.291,0.301,-0.01
"Paredes, Isaac",670623,2026,410,296,0.263,0.243,0.02,0.438,0.372,0.066,0.348,0.319,0.0289999999999999
"Nimmo, Brandon",607043,2026,409,283,0.268,0.291,-0.0229999999999999,0.431,0.51,-0.079,0.334,0.374,-0.0399999999999999
"Rumfield, TJ",681198,2026,409,301,0.297,0.253,0.0439999999999999,0.476,0.385,0.0909999999999999,0.375,0.325,0.0499999999999999
"Contreras, William",661388,2026,408,313,0.272,0.269,0.003,0.393,0.439,-0.0459999999999999,0.32,0.335,-0.015
"Young, Cole",702284,2026,408,302,0.248,0.273,-0.025,0.396,0.419,-0.0229999999999999,0.309,0.329,-0.02
"Benge, Carson",701807,2026,408,285,0.263,0.282,-0.0189999999999999,0.397,0.436,-0.0389999999999999,0.318,0.34,-0.022
"Adames, Willy",642715,2026,408,264,0.227,0.221,0.006,0.433,0.397,0.0359999999999999,0.308,0.294,0.014
"Arozarena, Randy",668227,2026,405,262,0.281,0.264,0.017,0.443,0.418,0.025,0.365,0.352,0.013
"Okamoto, Kazuma",672960,2026,404,236,0.226,0.214,0.012,0.444,0.433,0.011,0.328,0.321,0.007
"Marsee, Jakob",805300,2026,403,253,0.192,0.216,-0.0239999999999999,0.287,0.307,-0.02,0.28,0.298,-0.0179999999999999
"Duran, Jarren",680776,2026,403,253,0.19,0.226,-0.036,0.342,0.376,-0.0339999999999999,0.26,0.295,-0.0349999999999999
"Montgomery, Colson",695657,2026,402,229,0.22,0.223,-0.003,0.468,0.446,0.022,0.332,0.325,0.007
"Tucker, Kyle",663656,2026,401,272,0.236,0.262,-0.026,0.36,0.387,-0.027,0.309,0.331,-0.022
"Bell, Josh",605137,2026,400,282,0.251,0.25,0.001,0.425,0.442,-0.017,0.319,0.325,-0.006
"Gonzales, Nick",693304,2026,399,293,0.313,0.282,0.031,0.415,0.386,0.0289999999999999,0.349,0.324,0.0249999999999999
"Bohm, Alec",664761,2026,399,308,0.225,0.246,-0.0209999999999999,0.374,0.378,-0.004,0.289,0.302,-0.013
"Clement, Ernie",676391,2026,399,345,0.297,0.257,0.0399999999999999,0.425,0.344,0.081,0.324,0.275,0.0489999999999999
"Perez, Salvador",521692,2026,399,291,0.211,0.228,-0.017,0.363,0.405,-0.042,0.269,0.295,-0.0259999999999999
"Dubón, Mauricio",643289,2026,398,310,0.264,0.266,-0.002,0.414,0.386,0.0279999999999999,0.32,0.31,0.01
"Burger, Jake",669394,2026,398,260,0.237,0.236,0.001,0.419,0.406,0.0129999999999999,0.313,0.308,0.005
"Rafaela, Ceddanne",678882,2026,397,296,0.28,0.242,0.038,0.437,0.349,0.088,0.332,0.281,0.0509999999999999
"Goodman, Hunter",696100,2026,397,230,0.258,0.239,0.019,0.563,0.488,0.0749999999999999,0.375,0.34,0.0349999999999999
"Rodríguez, Julio",677594,2026,397,280,0.258,0.274,-0.016,0.427,0.474,-0.0469999999999999,0.326,0.35,-0.0239999999999999
"Jung, Josh",673962,2026,396,286,0.294,0.286,0.008,0.441,0.432,0.009,0.352,0.347,0.005
"Torkelson, Spencer",679529,2026,396,219,0.209,0.215,-0.006,0.426,0.419,0.007,0.319,0.321,-0.002
"Schmitt, Casey",669477,2026,396,300,0.273,0.288,-0.0149999999999999,0.484,0.511,-0.027,0.336,0.355,-0.0189999999999999
"Lee, Brooks",686797,2026,394,299,0.254,0.23,0.0239999999999999,0.436,0.337,0.0989999999999999,0.325,0.277,0.0479999999999999
"Bogaerts, Xander",593428,2026,389,269,0.222,0.243,-0.0209999999999999,0.328,0.374,-0.0459999999999999,0.292,0.318,-0.026
"Contreras, Willson",575929,2026,388,239,0.293,0.275,0.0179999999999999,0.559,0.529,0.03,0.406,0.393,0.013
"Dingler, Dillon",693307,2026,387,268,0.271,0.285,-0.0139999999999999,0.533,0.521,0.012,0.371,0.376,-0.005
"Marsh, Brandon",669016,2026,385,260,0.292,0.266,0.0259999999999999,0.478,0.433,0.0449999999999999,0.346,0.318,0.0279999999999999
"Rocchio, Brayan",677587,2026,385,297,0.275,0.258,0.017,0.409,0.364,0.0449999999999999,0.329,0.306,0.023
"Chisholm Jr., Jazz",665862,2026,383,232,0.225,0.211,0.014,0.415,0.378,0.0369999999999999,0.311,0.294,0.017
"Harris II, Michael",671739,2026,381,289,0.296,0.295,0.001,0.499,0.503,-0.004,0.354,0.357,-0.003
"Winn, Masyn",691026,2026,380,266,0.24,0.249,-0.009,0.323,0.324,-0.001,0.289,0.299,-0.01
"Swanson, Dansby",621020,2026,379,253,0.213,0.22,-0.007,0.41,0.392,0.0179999999999999,0.307,0.305,0.002
"Simpson, Chandler",802415,2026,379,324,0.291,0.258,0.0329999999999999,0.353,0.294,0.059,0.301,0.267,0.0339999999999999
"Trout, Mike",545361,2026,379,208,0.234,0.257,-0.0229999999999999,0.459,0.535,-0.076,0.368,0.401,-0.033
"Kwan, Steven",680757,2026,379,289,0.245,0.266,-0.021,0.304,0.327,-0.023,0.302,0.319,-0.017
"Steer, Spencer",668715,2026,378,254,0.242,0.249,-0.007,0.427,0.458,-0.031,0.328,0.345,-0.0169999999999999
"Lee, Jung Hoo",808982,2026,376,320,0.302,0.294,0.008,0.427,0.38,0.0469999999999999,0.332,0.314,0.018
"Keaschall, Luke",807712,2026,375,269,0.261,0.231,0.03,0.348,0.333,0.0149999999999999,0.316,0.298,0.018
"Smith, Cam",701358,2026,375,248,0.21,0.249,-0.039,0.362,0.447,-0.085,0.286,0.334,-0.048
"Stott, Bryson",681082,2026,375,278,0.251,0.264,-0.013,0.398,0.409,-0.0109999999999999,0.309,0.32,-0.011
"Jensen, Carter",695600,2026,373,232,0.24,0.208,0.032,0.432,0.367,0.065,0.32,0.286,0.034
"Soderstrom, Tyler",691016,2026,373,258,0.248,0.256,-0.008,0.474,0.428,0.0459999999999999,0.353,0.341,0.0119999999999999
"Arenado, Nolan",571448,2026,372,253,0.245,0.236,0.009,0.43,0.363,0.067,0.327,0.3,0.027
"Suzuki, Seiya",673548,2026,371,230,0.27,0.256,0.014,0.478,0.436,0.0419999999999999,0.361,0.341,0.0199999999999999
"Bauers, Jake",641343,2026,367,215,0.256,0.249,0.007,0.482,0.461,0.0209999999999999,0.366,0.356,0.01
"Caglianone, Jac",695506,2026,367,233,0.258,0.272,-0.014,0.463,0.499,-0.0359999999999999,0.337,0.356,-0.0189999999999999
"De La Cruz, Elly",682829,2026,367,229,0.276,0.273,0.003,0.503,0.486,0.017,0.368,0.365,0.003
"Hicks, Liam",689414,2026,367,291,0.285,0.251,0.0339999999999999,0.451,0.356,0.095,0.354,0.312,0.0419999999999999
"O'Hearn, Ryan",656811,2026,364,247,0.274,0.251,0.023,0.46,0.41,0.05,0.346,0.32,0.0259999999999999
"Muncy, Max",571970,2026,359,230,0.262,0.251,0.011,0.511,0.49,0.021,0.373,0.361,0.012
"DeLauter, Chase",800050,2026,359,278,0.287,0.281,0.0059999999999999,0.454,0.435,0.019,0.351,0.345,0.006
"Soto, Juan",665742,2026,357,247,0.283,0.297,-0.014,0.539,0.589,-0.0499999999999999,0.399,0.421,-0.0219999999999999
"Clemens, Kody",665019,2026,356,245,0.24,0.249,-0.009,0.483,0.446,0.0369999999999999,0.333,0.328,0.005
"Tovar, Ezequiel",678662,2026,355,244,0.195,0.218,-0.0229999999999999,0.32,0.361,-0.0409999999999999,0.245,0.272,-0.027
"Chapman, Matt",656305,2026,352,229,0.235,0.21,0.0249999999999999,0.368,0.319,0.0489999999999999,0.308,0.286,0.022
"Duran, Ezequiel",677649,2026,349,238,0.267,0.252,0.015,0.434,0.371,0.063,0.329,0.303,0.026
"Crawford, J.P.",641487,2026,349,224,0.215,0.243,-0.0279999999999999,0.352,0.372,-0.02,0.314,0.332,-0.018
"Baldwin, Drake",686948,2026,348,230,0.275,0.284,-0.0089999999999999,0.474,0.526,-0.052,0.368,0.39,-0.022
"Durbin, Caleb",702332,2026,346,271,0.237,0.237,0.0,0.397,0.329,0.068,0.306,0.284,0.022
"Castro, Willi",650489,2026,345,218,0.26,0.227,0.033,0.394,0.369,0.025,0.32,0.296,0.024
"Schanuel, Nolan",694384,2026,345,259,0.28,0.286,-0.0059999999999999,0.394,0.385,0.009,0.333,0.332,0.001
"Karros, Kyle",691720,2026,343,224,0.259,0.255,0.004,0.427,0.408,0.019,0.347,0.341,0.0059999999999999
"Baty, Brett",683146,2026,343,217,0.223,0.237,-0.0139999999999999,0.331,0.377,-0.0459999999999999,0.281,0.306,-0.0249999999999999
"Buxton, Byron",621439,2026,342,232,0.275,0.253,0.022,0.572,0.519,0.0529999999999999,0.381,0.353,0.028
"Mullins, Cedric",656775,2026,342,234,0.201,0.188,0.013,0.344,0.313,0.0309999999999999,0.281,0.264,0.017
"Sheets, Gavin",657757,2026,339,222,0.217,0.238,-0.0209999999999999,0.41,0.395,0.0149999999999999,0.323,0.326,-0.003
"García Jr., Luis",671277,2026,338,268,0.28,0.291,-0.0109999999999999,0.55,0.503,0.047,0.365,0.354,0.011
"Altuve, Jose",514888,2026,338,234,0.232,0.224,0.008,0.402,0.337,0.065,0.307,0.281,0.0259999999999999
"Collins, Isaac",686555,2026,336,214,0.244,0.238,0.006,0.362,0.334,0.0279999999999999,0.319,0.31,0.009
"Semien, Marcus",543760,2026,335,236,0.209,0.247,-0.038,0.34,0.403,-0.063,0.268,0.308,-0.0399999999999999
"McCarthy, Jake",664983,2026,334,253,0.305,0.264,0.0409999999999999,0.511,0.398,0.1129999999999999,0.369,0.312,0.0569999999999999
"Mitchell, Garrett",669003,2026,334,185,0.277,0.262,0.015,0.455,0.457,-0.002,0.358,0.352,0.006
"Johnston, Troy",687859,2026,332,241,0.296,0.279,0.0169999999999999,0.409,0.38,0.0289999999999999,0.342,0.326,0.016
"Stowers, Kyle",669065,2026,331,188,0.229,0.229,0.0,0.432,0.416,0.016,0.322,0.32,0.002
"Antonacci, Sam",803011,2026,330,237,0.278,0.287,-0.0089999999999999,0.408,0.422,-0.014,0.349,0.356,-0.007
"Soler, Jorge",624585,2026,330,184,0.205,0.209,-0.004,0.375,0.367,0.008,0.296,0.298,-0.002
"Nuñez, Nasim",683083,2026,330,222,0.253,0.226,0.0269999999999999,0.299,0.276,0.0229999999999999,0.29,0.272,0.0179999999999999
"Grisham, Trent",663757,2026,329,230,0.224,0.254,-0.03,0.406,0.451,-0.0449999999999999,0.324,0.353,-0.0289999999999999
"Varsho, Daulton",662139,2026,329,236,0.237,0.241,-0.004,0.377,0.367,0.01,0.297,0.295,0.002
"Giménez, Andrés",665926,2026,328,246,0.224,0.23,-0.006,0.349,0.323,0.0259999999999999,0.271,0.268,0.003
"Manzardo, Kyle",700932,2026,327,186,0.216,0.22,-0.004,0.369,0.371,-0.002,0.301,0.303,-0.002
"Pasquantino, Vinnie",686469,2026,320,227,0.227,0.246,-0.0189999999999999,0.345,0.391,-0.046,0.293,0.317,-0.024
"Ramírez, José",608070,2026,319,232,0.242,0.284,-0.0419999999999999,0.418,0.445,-0.027,0.328,0.356,-0.0279999999999999
"Mead, Curtis",678554,2026,318,217,0.258,0.263,-0.005,0.509,0.465,0.0439999999999999,0.371,0.359,0.012
"Vargas, Ildemaro",545121,2026,318,267,0.264,0.281,-0.017,0.403,0.384,0.019,0.31,0.311,-0.001
"Caballero, José",676609,2026,314,221,0.244,0.226,0.0179999999999999,0.387,0.329,0.0579999999999999,0.299,0.271,0.0279999999999999
"Frelick, Sal",686217,2026,313,249,0.236,0.243,-0.007,0.33,0.322,0.008,0.281,0.281,0.0
"Springer, George",543807,2026,313,216,0.225,0.229,-0.004,0.384,0.379,0.005,0.306,0.306,0.0
"Basallo, Samuel",694212,2026,311,202,0.241,0.25,-0.009,0.45,0.469,-0.0189999999999999,0.325,0.336,-0.011
"Bazzana, Travis",683953,2026,309,199,0.245,0.225,0.0199999999999999,0.415,0.352,0.063,0.334,0.304,0.03
"McLain, Matt",680574,2026,309,187,0.19,0.226,-0.036,0.328,0.386,-0.0579999999999999,0.282,0.317,-0.035
"Chourio, Jackson",694192,2026,309,205,0.277,0.248,0.029,0.475,0.46,0.0149999999999999,0.35,0.331,0.0189999999999999
"Larnach, Trevor",663616,2026,309,217,0.294,0.268,0.0259999999999999,0.461,0.416,0.045,0.371,0.344,0.027
"Bleday, JJ",668709,2026,308,202,0.237,0.261,-0.024,0.481,0.465,0.0159999999999999,0.356,0.365,-0.009
"Benintendi, Andrew",643217,2026,308,210,0.245,0.257,-0.012,0.426,0.43,-0.004,0.316,0.325,-0.009
"McNeil, Jeff",643446,2026,307,245,0.238,0.27,-0.032,0.321,0.355,-0.0339999999999999,0.278,0.305,-0.0269999999999999
"Young, Jacob",696285,2026,306,228,0.23,0.259,-0.0289999999999999,0.382,0.397,-0.015,0.293,0.311,-0.018
"Taveras, Leody",665750,2026,305,198,0.237,0.223,0.0139999999999999,0.357,0.332,0.0249999999999999,0.3,0.288,0.012
"Pederson, Joc",592626,2026,305,195,0.244,0.257,-0.013,0.489,0.458,0.0309999999999999,0.356,0.356,0.0
"Raleigh, Cal",663728,2026,305,169,0.163,0.177,-0.0139999999999999,0.304,0.352,-0.0479999999999999,0.261,0.287,-0.0259999999999999
"Moreno, Gabriel",672515,2026,302,216,0.302,0.295,0.007,0.442,0.459,-0.017,0.367,0.377,-0.01
"Yelich, Christian",592885,2026,300,182,0.243,0.222,0.0209999999999999,0.388,0.364,0.024,0.316,0.299,0.017
"Peters, Tristan",671976,2026,299,222,0.285,0.253,0.0319999999999999,0.452,0.377,0.075,0.344,0.304,0.0399999999999999
"Crawford, Justin",702222,2026,298,218,0.257,0.25,0.007,0.344,0.311,0.0329999999999999,0.288,0.273,0.0149999999999999
"Horwitz, Spencer",687462,2026,295,210,0.28,0.236,0.044,0.455,0.393,0.062,0.37,0.339,0.0309999999999999
"Butler, Lawrence",671732,2026,295,180,0.201,0.234,-0.033,0.301,0.347,-0.0459999999999999,0.274,0.304,-0.0299999999999999
"Garcia, Maikel",672580,2026,294,225,0.261,0.272,-0.011,0.373,0.374,-0.001,0.306,0.316,-0.01
"Thomas, Lane",657041,2026,294,187,0.24,0.252,-0.012,0.409,0.39,0.0189999999999999,0.33,0.328,0.002
"Peraza, Oswald",672724,2026,290,187,0.24,0.23,0.0099999999999999,0.373,0.353,0.02,0.288,0.276,0.0119999999999999
"Walls, Taylor",670764,2026,290,183,0.224,0.188,0.036,0.297,0.257,0.0399999999999999,0.28,0.251,0.029
"Suárez, Eugenio",553993,2026,286,159,0.208,0.191,0.0169999999999999,0.402,0.331,0.071,0.298,0.266,0.0319999999999999
"Martin, Austin",668885,2026,286,190,0.241,0.24,0.001,0.315,0.32,-0.005,0.309,0.311,-0.002
"Keith, Colt",690993,2026,286,212,0.252,0.268,-0.016,0.395,0.433,-0.0379999999999999,0.302,0.325,-0.023
"Murakami, Munetaka",808959,2026,285,136,0.23,0.212,0.018,0.522,0.495,0.027,0.382,0.366,0.016
"Rutschman, Adley",668939,2026,284,212,0.251,0.274,-0.023,0.433,0.432,0.001,0.332,0.348,-0.0159999999999999
"Betts, Mookie",605141,2026,284,225,0.232,0.271,-0.039,0.421,0.433,-0.012,0.31,0.331,-0.021
"Cruz, Oneil",665833,2026,283,152,0.264,0.255,0.009,0.472,0.49,-0.018,0.357,0.358,-0.001
"Caratini, Victor",605170,2026,282,194,0.234,0.247,-0.0129999999999999,0.36,0.406,-0.046,0.303,0.333,-0.03
"Carter, Evan",694497,2026,279,175,0.191,0.198,-0.007,0.34,0.331,0.009,0.291,0.291,0.0
"Goldschmidt, Paul",502671,2026,278,189,0.255,0.233,0.0219999999999999,0.478,0.421,0.0569999999999999,0.34,0.309,0.031
"Vierling, Matt",663837,2026,278,212,0.209,0.255,-0.046,0.331,0.382,-0.0509999999999999,0.26,0.303,-0.0429999999999999
"Realmuto, J.T.",592663,2026,277,192,0.219,0.253,-0.034,0.352,0.38,-0.028,0.29,0.315,-0.025
"Lewis, Royce",668904,2026,277,177,0.215,0.224,-0.009,0.386,0.388,-0.002,0.298,0.305,-0.007
"Hoskins, Rhys",656555,2026,276,144,0.181,0.172,0.009,0.383,0.336,0.0469999999999999,0.309,0.295,0.014
"Canzone, Dominic",686527,2026,276,189,0.257,0.266,-0.009,0.502,0.497,0.005,0.358,0.36,-0.002
"Schneemann, Daniel",682177,2026,275,170,0.207,0.218,-0.011,0.323,0.358,-0.0349999999999999,0.269,0.286,-0.0169999999999999
"Raley, Luke",670042,2026,275,167,0.23,0.255,-0.0249999999999999,0.452,0.496,-0.0439999999999999,0.317,0.346,-0.0289999999999999
"Mangum, Jake",663968,2026,275,208,0.303,0.258,0.0449999999999999,0.375,0.328,0.0469999999999999,0.324,0.287,0.037
"Stephenson, Tyler",663886,2026,272,177,0.244,0.253,-0.009,0.393,0.463,-0.07,0.315,0.344,-0.0289999999999999
"Church, Nathan",701675,2026,271,200,0.228,0.234,-0.006,0.366,0.366,0.0,0.278,0.28,-0.002
"Hernández, Teoscar",606192,2026,270,167,0.242,0.242,0.0,0.379,0.41,-0.0309999999999999,0.306,0.32,-0.014
"Massey, Michael",686681,2026,268,208,0.27,0.244,0.026,0.427,0.405,0.0219999999999999,0.319,0.301,0.018
"Kelly, Carson",608348,2026,268,190,0.265,0.244,0.021,0.385,0.391,-0.006,0.334,0.326,0.008
"Yastrzemski, Mike",573262,2026,267,173,0.226,0.225,0.001,0.357,0.347,0.01,0.302,0.3,0.002
"Sanoja, Javier",691594,2026,267,231,0.275,0.258,0.017,0.406,0.323,0.083,0.313,0.275,0.0379999999999999
"McKinstry, Zach",656716,2026,266,194,0.191,0.226,-0.035,0.294,0.307,-0.013,0.253,0.275,-0.022
"Wilson, Jacob",805779,2026,265,223,0.291,0.273,0.0179999999999999,0.422,0.36,0.062,0.325,0.293,0.032
"Freeman, Tyler",671289,2026,263,204,0.255,0.265,-0.01,0.329,0.355,-0.0259999999999999,0.301,0.314,-0.013
"Ozuna, Marcell",542303,2026,262,154,0.205,0.223,-0.018,0.333,0.4,-0.067,0.28,0.31,-0.0299999999999999
"Ortiz, Joey",687401,2026,262,191,0.239,0.246,-0.007,0.352,0.351,0.001,0.295,0.306,-0.011
"Judge, Aaron",592450,2026,261,143,0.248,0.27,-0.022,0.533,0.6,-0.0669999999999999,0.384,0.415,-0.0309999999999999
"Mayo, Coby",691723,2026,261,152,0.197,0.212,-0.0149999999999999,0.403,0.398,0.005,0.291,0.296,-0.005
"Ramos, Heliot",671218,2026,260,177,0.268,0.273,-0.005,0.455,0.488,-0.0329999999999999,0.326,0.34,-0.014
"García, Adolis",666969,2026,259,150,0.195,0.22,-0.0249999999999999,0.329,0.362,-0.0329999999999999,0.268,0.294,-0.0259999999999999
"Julien, Edouard",666397,2026,259,156,0.215,0.253,-0.038,0.3,0.41,-0.1099999999999999,0.289,0.341,-0.052
"France, Ty",664034,2026,257,174,0.276,0.245,0.031,0.539,0.446,0.093,0.369,0.329,0.0399999999999999
"Hernández, Heriberto",681715,2026,254,166,0.246,0.261,-0.015,0.474,0.513,-0.039,0.341,0.364,-0.0229999999999999
"Vientos, Mark",668901,2026,254,178,0.211,0.234,-0.023,0.388,0.447,-0.059,0.279,0.31,-0.0309999999999999
"Andujar, Miguel",609280,2026,254,201,0.259,0.264,-0.005,0.423,0.376,0.0469999999999999,0.313,0.298,0.015
"Ewing, A.J.",805999,2026,251,158,0.274,0.261,0.013,0.426,0.41,0.016,0.339,0.328,0.011
"Carpenter, Kerry",681481,2026,250,151,0.207,0.21,-0.003,0.423,0.391,0.0319999999999999,0.304,0.297,0.007
"Alvarez, Francisco",682626,2026,248,157,0.257,0.243,0.014,0.437,0.455,-0.018,0.334,0.333,0.001
"Gelof, Zack",680869,2026,247,167,0.273,0.225,0.048,0.476,0.375,0.1009999999999999,0.348,0.289,0.059
"Moniak, Mickey",666160,2026,247,172,0.279,0.229,0.05,0.563,0.436,0.1269999999999999,0.375,0.306,0.069
"Griffin, Konnor",804606,2026,247,162,0.276,0.24,0.036,0.404,0.392,0.012,0.324,0.305,0.019
"Cowser, Colton",681297,2026,247,143,0.207,0.21,-0.003,0.333,0.411,-0.0779999999999999,0.289,0.316,-0.027
"Caissie, Owen",683357,2026,246,129,0.239,0.216,0.0229999999999999,0.459,0.429,0.03,0.322,0.309,0.013
"Alexander, Blaze",677942,2026,246,170,0.312,0.308,0.004,0.439,0.467,-0.028,0.353,0.361,-0.008
"O'Hoppe, Logan",681351,2026,245,165,0.211,0.202,0.0089999999999999,0.3,0.338,-0.038,0.26,0.271,-0.011
"Cortes, Carlos",666126,2026,245,186,0.275,0.267,0.008,0.436,0.416,0.02,0.346,0.336,0.0099999999999999
"Martínez, Angel",682657,2026,243,178,0.239,0.254,-0.015,0.442,0.413,0.029,0.309,0.306,0.003
"McMahon, Ryan",641857,2026,243,149,0.214,0.238,-0.0239999999999999,0.379,0.407,-0.0279999999999999,0.286,0.307,-0.021
"Smith, Dominic",642086,2026,243,189,0.263,0.255,0.008,0.382,0.392,-0.01,0.306,0.312,-0.006
"Eldridge, Bryce",805811,2026,243,149,0.265,0.26,0.005,0.469,0.492,-0.023,0.36,0.365,-0.005
"Palacios, Richie",680700,2026,242,167,0.233,0.243,-0.0099999999999999,0.333,0.328,0.005,0.302,0.305,-0.003
"Fortes, Nick",663743,2026,241,197,0.268,0.244,0.024,0.371,0.336,0.0349999999999999,0.301,0.278,0.0229999999999999
"Lowe, Nathaniel",663993,2026,239,150,0.244,0.259,-0.015,0.474,0.464,0.0099999999999999,0.346,0.348,-0.002
"Lukes, Nathan",664770,2026,239,187,0.286,0.258,0.0279999999999999,0.392,0.337,0.0549999999999999,0.324,0.29,0.034
"Hamilton, David",666152,2026,238,160,0.24,0.203,0.0369999999999999,0.333,0.294,0.039,0.294,0.264,0.0299999999999999
"Williamson, Ben",810938,2026,237,171,0.256,0.255,0.001,0.335,0.337,-0.002,0.296,0.295,0.001
"Gilbert, Drew",687551,2026,236,172,0.226,0.243,-0.0169999999999999,0.351,0.326,0.0249999999999999,0.292,0.291,0.001
"Acuña Jr., Ronald",660670,2026,236,145,0.251,0.253,-0.002,0.421,0.489,-0.068,0.35,0.378,-0.028
"Peña, Jeremy",665161,2026,235,176,0.302,0.303,-0.001,0.472,0.45,0.0219999999999999,0.363,0.357,0.006
"Grissom, Vaughn",687093,2026,234,176,0.251,0.268,-0.017,0.386,0.42,-0.0339999999999999,0.31,0.336,-0.026
"Sánchez, Jesús",660821,2026,234,167,0.274,0.277,-0.003,0.437,0.457,-0.02,0.324,0.335,-0.011
"Norby, Connor",681393,2026,233,131,0.205,0.183,0.0219999999999999,0.325,0.324,0.001,0.292,0.282,0.01
"Wells, Austin",669224,2026,233,143,0.163,0.212,-0.0489999999999999,0.261,0.355,-0.0939999999999999,0.24,0.293,-0.0529999999999999
"Triolo, Jared",669707,2026,230,156,0.248,0.24,0.008,0.32,0.314,0.006,0.289,0.283,0.006
"Gorman, Nolan",669357,2026,229,130,0.194,0.197,-0.003,0.318,0.351,-0.0329999999999999,0.265,0.278,-0.013
"Rengifo, Luis",650859,2026,228,179,0.223,0.252,-0.0289999999999999,0.282,0.345,-0.063,0.263,0.299,-0.0359999999999999
"Mayer, Marcelo",691785,2026,228,164,0.22,0.201,0.0189999999999999,0.312,0.297,0.015,0.267,0.259,0.008
"Friedl, TJ",670770,2026,226,150,0.173,0.183,-0.01,0.26,0.251,0.009,0.242,0.244,-0.002
"Matthews, Brice",694728,2026,226,140,0.197,0.192,0.005,0.332,0.341,-0.009,0.257,0.26,-0.003
"Ruiz, Keibert",660688,2026,225,188,0.274,0.236,0.038,0.462,0.366,0.096,0.327,0.277,0.0499999999999999
"Loftin, Nick",679845,2026,225,170,0.247,0.243,0.004,0.397,0.358,0.039,0.322,0.31,0.012
"Freeland, Alex",690976,2026,222,132,0.232,0.211,0.021,0.314,0.318,-0.004,0.284,0.277,0.0069999999999999
"Rushing, Dalton",687221,2026,222,133,0.247,0.249,-0.002,0.474,0.429,0.0449999999999999,0.353,0.342,0.0109999999999999
"Yoshida, Masataka",807799,2026,222,174,0.268,0.267,0.001,0.394,0.376,0.018,0.327,0.321,0.006
"Vivas, Jorbit",678391,2026,219,165,0.246,0.247,-0.001,0.348,0.332,0.0159999999999999,0.304,0.299,0.005
"Jackson, Jeremiah",669236,2026,219,169,0.252,0.255,-0.003,0.4,0.398,0.002,0.289,0.291,-0.002
"Seager, Corey",608369,2026,219,130,0.182,0.226,-0.044,0.374,0.446,-0.072,0.293,0.336,-0.043
"Bolte, Henry",703607,2026,218,134,0.251,0.228,0.0229999999999999,0.335,0.349,-0.0139999999999999,0.301,0.297,0.004
"Langford, Wyatt",694671,2026,216,156,0.282,0.253,0.0289999999999999,0.51,0.444,0.066,0.36,0.323,0.0369999999999999
"Crews, Dylan",686611,2026,213,145,0.214,0.24,-0.0259999999999999,0.354,0.421,-0.067,0.289,0.323,-0.034
"Bailey, Patrick",672275,2026,211,144,0.201,0.228,-0.0269999999999999,0.299,0.375,-0.076,0.247,0.286,-0.0389999999999999
"Laureano, Ramón",657656,2026,206,119,0.203,0.222,-0.0189999999999999,0.374,0.409,-0.0349999999999999,0.291,0.312,-0.021
"Heim, Jonah",641680,2026,203,149,0.238,0.24,-0.002,0.438,0.384,0.0539999999999999,0.314,0.3,0.014
"Rooker, Brent",667670,2026,203,117,0.2,0.207,-0.0069999999999999,0.389,0.435,-0.0459999999999999,0.292,0.314,-0.022
"Davis, Henry",680779,2026,202,134,0.164,0.199,-0.035,0.328,0.342,-0.014,0.264,0.288,-0.0239999999999999
"Smith, Will",669257,2026,201,142,0.249,0.275,-0.026,0.382,0.494,-0.1119999999999999,0.321,0.385,-0.064
"Osuna, Alejandro",696030,2026,200,148,0.264,0.261,0.003,0.305,0.317,-0.012,0.308,0.309,-0.001
"Vázquez, Christian",543877,2026,200,151,0.21,0.202,0.0079999999999999,0.326,0.271,0.0549999999999999,0.261,0.239,0.022
"Torres, Gleyber",650402,2026,199,129,0.28,0.255,0.025,0.39,0.387,0.003,0.354,0.342,0.0119999999999999
"Tena, José",677588,2026,199,122,0.247,0.249,-0.002,0.407,0.389,0.0179999999999999,0.315,0.309,0.006
"Lowe, Josh",666139,2026,199,133,0.207,0.219,-0.012,0.359,0.401,-0.042,0.266,0.287,-0.0209999999999999
"Lindor, Francisco",596019,2026,197,143,0.233,0.261,-0.0279999999999999,0.398,0.451,-0.0529999999999999,0.315,0.346,-0.0309999999999999
"DeLuca, Jonny",676356,2026,195,146,0.261,0.252,0.009,0.435,0.363,0.072,0.316,0.285,0.031
"Valenzuela, Brandon",678218,2026,195,124,0.233,0.239,-0.0059999999999999,0.407,0.395,0.0119999999999999,0.318,0.318,0.0
"Fermín, José",665877,2026,191,147,0.256,0.243,0.013,0.378,0.331,0.0469999999999999,0.308,0.287,0.021
"Diaz, Yainer",673237,2026,191,153,0.238,0.262,-0.024,0.387,0.392,-0.005,0.283,0.299,-0.016
"Mack, Joe",691788,2026,190,128,0.243,0.239,0.004,0.434,0.43,0.004,0.319,0.315,0.004
"Gurriel Jr., Lourdes",666971,2026,189,143,0.207,0.234,-0.027,0.287,0.315,-0.028,0.242,0.277,-0.035
"Torrens, Luis",620443,2026,188,135,0.228,0.231,-0.003,0.327,0.334,-0.007,0.278,0.281,-0.003
"O'Neill, Tyler",641933,2026,188,114,0.21,0.206,0.004,0.365,0.382,-0.017,0.296,0.299,-0.003
"Vaughn, Andrew",683734,2026,187,142,0.307,0.276,0.0309999999999999,0.479,0.392,0.0869999999999999,0.378,0.34,0.0379999999999999
"Higashioka, Kyle",543309,2026,186,118,0.218,0.219,-0.001,0.37,0.351,0.019,0.302,0.295,0.007
"Scott II, Victor",687363,2026,184,122,0.194,0.221,-0.0269999999999999,0.258,0.293,-0.0349999999999999,0.248,0.273,-0.025
"Sánchez, Gary",596142,2026,184,115,0.219,0.231,-0.012,0.432,0.445,-0.013,0.359,0.368,-0.009
"Cronenworth, Jake",630105,2026,183,122,0.204,0.231,-0.027,0.29,0.345,-0.0549999999999999,0.268,0.297,-0.0289999999999999
"Isbel, Kyle",664728,2026,183,129,0.244,0.237,0.007,0.354,0.323,0.0309999999999999,0.289,0.275,0.0139999999999999
"Emerson, Colt",806068,2026,182,106,0.189,0.173,0.016,0.36,0.28,0.0799999999999999,0.269,0.237,0.032
"Narváez, Carlos",665966,2026,182,109,0.198,0.212,-0.0139999999999999,0.29,0.345,-0.0549999999999999,0.25,0.277,-0.027
"Gray, Tristan",656484,2026,182,115,0.232,0.223,0.009,0.333,0.329,0.004,0.266,0.266,0.0
"Monasterio, Andruw",655316,2026,180,128,0.247,0.249,-0.002,0.44,0.403,0.0369999999999999,0.321,0.309,0.012
"Muncy, Max",691777,2026,178,99,0.223,0.213,0.01,0.389,0.365,0.024,0.301,0.29,0.011
"House, Brady",691781,2026,177,114,0.227,0.251,-0.0239999999999999,0.399,0.427,-0.0279999999999999,0.297,0.319,-0.022
"Fernandez, Jose",699912,2026,177,129,0.255,0.243,0.012,0.352,0.348,0.004,0.283,0.276,0.0069999999999999
"Straw, Myles",664702,2026,176,140,0.222,0.259,-0.037,0.316,0.362,-0.0459999999999999,0.264,0.297,-0.0329999999999999
"Lee, Hao-Yu",701678,2026,176,124,0.256,0.234,0.0219999999999999,0.399,0.386,0.013,0.298,0.282,0.016
"Quero, Edgar",700337,2026,176,119,0.183,0.208,-0.0249999999999999,0.229,0.298,-0.0689999999999999,0.223,0.263,-0.04
"Story, Trevor",596115,2026,176,110,0.206,0.212,-0.006,0.303,0.309,-0.006,0.242,0.248,-0.006
"Pérez, Wenceel",672761,2026,175,132,0.18,0.203,-0.023,0.348,0.348,0.0,0.262,0.272,-0.01
"Sosa, Edmundo",624641,2026,175,129,0.212,0.283,-0.0709999999999999,0.35,0.451,-0.101,0.261,0.332,-0.071
"Ballesteros, Moisés",694208,2026,175,122,0.231,0.238,-0.0069999999999999,0.385,0.385,0.0,0.303,0.31,-0.007
"Young, Jared",676724,2026,173,120,0.247,0.243,0.004,0.429,0.415,0.014,0.33,0.33,0.0
"Conforto, Michael",624424,2026,172,100,0.238,0.234,0.0039999999999999,0.483,0.445,0.0379999999999999,0.347,0.331,0.0159999999999999
"Jeffers, Ryan",680777,2026,172,119,0.287,0.262,0.0249999999999999,0.552,0.495,0.057,0.405,0.385,0.02
"Fermin, Freddy",666023,2026,169,117,0.159,0.19,-0.031,0.276,0.28,-0.004,0.242,0.26,-0.018
"Del Castillo, Adrian",680728,2026,168,107,0.195,0.201,-0.006,0.325,0.34,-0.015,0.258,0.266,-0.008
"Vilade, Ryan",668723,2026,167,119,0.257,0.245,0.012,0.459,0.405,0.0539999999999999,0.335,0.312,0.023
"Volpe, Anthony",683011,2026,167,108,0.247,0.238,0.009,0.322,0.321,0.001,0.304,0.299,0.005
"Rosario, Amed",642708,2026,167,115,0.235,0.243,-0.008,0.451,0.426,0.025,0.313,0.311,0.002
"Acuña, Luisangel",682668,2026,165,127,0.248,0.262,-0.014,0.288,0.34,-0.052,0.256,0.284,-0.0279999999999999
"Amaya, Miguel",665804,2026,165,100,0.232,0.205,0.027,0.355,0.316,0.0389999999999999,0.322,0.298,0.024
"Beavers, Dylan",687637,2026,165,108,0.248,0.233,0.0149999999999999,0.366,0.361,0.005,0.311,0.303,0.008
"Domínguez, Jasson",691176,2026,164,122,0.232,0.266,-0.034,0.394,0.374,0.02,0.289,0.298,-0.009
"Rojas, Miguel",500743,2026,163,135,0.292,0.293,-0.001,0.417,0.416,0.001,0.326,0.327,-0.001
"Piñango, Yohendrick",682818,2026,162,114,0.27,0.266,0.004,0.414,0.404,0.0099999999999999,0.32,0.313,0.007
"Pagés, Pedro",686780,2026,162,111,0.209,0.219,-0.01,0.331,0.345,-0.0139999999999999,0.253,0.267,-0.014
"Kreidler, Ryan",668952,2026,161,114,0.236,0.221,0.0149999999999999,0.392,0.371,0.021,0.303,0.289,0.014
"Holliday, Jackson",702616,2026,160,95,0.216,0.226,-0.01,0.366,0.372,-0.006,0.313,0.323,-0.01
"Fry, David",681807,2026,158,88,0.191,0.17,0.0209999999999999,0.353,0.266,0.0869999999999999,0.294,0.255,0.0389999999999999
"Hill, Derek",656537,2026,157,88,0.246,0.23,0.0159999999999999,0.437,0.392,0.0449999999999999,0.324,0.299,0.025
"Dunn, Blake",694362,2026,155,110,0.282,0.241,0.0409999999999999,0.387,0.317,0.07,0.32,0.278,0.0419999999999999
"Myers, Dane",667472,2026,154,94,0.267,0.263,0.004,0.389,0.428,-0.0389999999999999,0.341,0.354,-0.0129999999999999
"Grichuk, Randal",545341,2026,153,110,0.248,0.288,-0.0399999999999999,0.517,0.514,0.003,0.335,0.355,-0.0199999999999999
"Outman, James",681546,2026,153,77,0.155,0.155,0.0,0.275,0.253,0.022,0.22,0.212,0.008
"Millas, Drew",686452,2026,152,96,0.185,0.204,-0.0189999999999999,0.262,0.282,-0.0199999999999999,0.25,0.266,-0.016
"Hedges, Austin",595978,2026,151,113,0.28,0.248,0.032,0.402,0.346,0.056,0.327,0.293,0.034
"Meyers, Jake",676694,2026,148,107,0.206,0.201,0.0049999999999999,0.316,0.313,0.003,0.259,0.255,0.004
"Meckler, Wade",685133,2026,147,100,0.311,0.269,0.0419999999999999,0.417,0.393,0.0239999999999999,0.355,0.328,0.0269999999999999
"Shaw, Matt",807713,2026,147,105,0.246,0.241,0.005,0.415,0.359,0.0559999999999999,0.323,0.301,0.022
"Lopez, Nicky",670032,2026,146,119,0.313,0.262,0.0509999999999999,0.358,0.311,0.0469999999999999,0.313,0.269,0.0439999999999999
"Wong, Connor",657136,2026,146,94,0.27,0.231,0.039,0.361,0.331,0.0299999999999999,0.33,0.305,0.025
"Hayes, Ke'Bryan",663647,2026,146,113,0.146,0.26,-0.114,0.219,0.398,-0.179,0.191,0.308,-0.1169999999999999
"Feduccia, Hunter",676439,2026,146,89,0.227,0.224,0.003,0.328,0.359,-0.0309999999999999,0.286,0.298,-0.012
"Marte, Noelvi",682622,2026,146,101,0.19,0.201,-0.011,0.365,0.332,0.0329999999999999,0.264,0.258,0.006
"Melendez, MJ",669004,2026,144,72,0.192,0.166,0.0259999999999999,0.35,0.317,0.0329999999999999,0.301,0.28,0.0209999999999999
"Waldschmidt, Ryan",814439,2026,144,83,0.26,0.236,0.024,0.374,0.369,0.005,0.299,0.286,0.013
"Sullivan, Brett",664954,2026,142,109,0.221,0.219,0.002,0.389,0.326,0.063,0.281,0.261,0.02
"Jansen, Danny",643376,2026,142,84,0.171,0.167,0.004,0.309,0.273,0.0359999999999999,0.268,0.254,0.014
"Nootbaar, Lars",663457,2026,142,90,0.248,0.255,-0.007,0.388,0.455,-0.067,0.328,0.353,-0.0249999999999999
"Montgomery, Braden",695731,2026,141,102,0.236,0.244,-0.008,0.402,0.368,0.034,0.309,0.303,0.006
"Correa, Carlos",621043,2026,141,97,0.279,0.289,-0.0099999999999999,0.418,0.459,-0.041,0.346,0.364,-0.018
"Call, Alex",669743,2026,140,96,0.248,0.206,0.042,0.316,0.261,0.0549999999999999,0.311,0.275,0.0359999999999999
"Taylor, Tyrone",621438,2026,138,106,0.228,0.219,0.009,0.449,0.4,0.0489999999999999,0.308,0.285,0.023
"Carrigg, Cole",694249,2026,138,94,0.291,0.253,0.0379999999999999,0.504,0.405,0.0989999999999999,0.368,0.327,0.0409999999999999
"Barrosa, Jorge",678489,2026,138,86,0.193,0.154,0.039,0.353,0.244,0.1089999999999999,0.281,0.227,0.054
"Smith, Josh",669701,2026,138,97,0.23,0.214,0.016,0.295,0.326,-0.031,0.275,0.28,-0.005
"Jiménez, Leo",677870,2026,136,93,0.212,0.25,-0.038,0.297,0.365,-0.068,0.28,0.325,-0.0449999999999999
"Mateo, Jorge",622761,2026,135,86,0.244,0.263,-0.019,0.386,0.445,-0.059,0.296,0.325,-0.029
"Wallner, Matt",670242,2026,135,67,0.167,0.2,-0.033,0.292,0.333,-0.041,0.253,0.281,-0.028
"Garver, Mitch",641598,2026,135,71,0.184,0.206,-0.0219999999999999,0.316,0.359,-0.0429999999999999,0.289,0.312,-0.023
"Foscue, Justin",679822,2026,134,89,0.273,0.253,0.02,0.504,0.458,0.0459999999999999,0.361,0.339,0.0219999999999999
"Troy, Tommy",694371,2026,134,90,0.223,0.238,-0.0149999999999999,0.364,0.412,-0.0479999999999999,0.295,0.317,-0.022
"White, Eli",642201,2026,134,93,0.22,0.227,-0.007,0.398,0.331,0.067,0.293,0.275,0.0179999999999999
"Hernaiz, Darell",687231,2026,134,97,0.237,0.216,0.0209999999999999,0.288,0.272,0.0159999999999999,0.28,0.263,0.017
"Marte, Starling",516782,2026,133,86,0.269,0.254,0.015,0.328,0.389,-0.061,0.298,0.312,-0.014
"Trammell, Taylor",666211,2026,132,78,0.231,0.204,0.027,0.364,0.361,0.003,0.289,0.275,0.0139999999999999
"Kiner-Falefa, Isiah",643396,2026,132,102,0.277,0.277,0.0,0.361,0.351,0.01,0.317,0.312,0.005
"Valdez, Esmerlyn",699013,2026,131,64,0.292,0.22,0.0719999999999999,0.717,0.551,0.1659999999999999,0.454,0.368,0.086
"Kim, Hyeseong",808975,2026,131,87,0.259,0.261,-0.002,0.328,0.341,-0.013,0.292,0.304,-0.012
"Anthony, Roman",701350,2026,130,76,0.229,0.262,-0.033,0.321,0.41,-0.0889999999999999,0.309,0.352,-0.0429999999999999
"Romo, Drew",691011,2026,130,83,0.13,0.175,-0.0449999999999999,0.304,0.288,0.016,0.233,0.247,-0.0139999999999999
"Moncada, Yoán",660162,2026,130,66,0.189,0.169,0.0199999999999999,0.297,0.286,0.011,0.281,0.269,0.012
"Ramírez, Agustín",682663,2026,129,86,0.23,0.225,0.005,0.345,0.312,0.0329999999999999,0.295,0.282,0.013
"Ruiz, Esteury",665923,2026,129,71,0.243,0.209,0.034,0.477,0.361,0.1159999999999999,0.364,0.315,0.0489999999999999
"Guzman, Denzer",694203,2026,126,84,0.246,0.236,0.01,0.381,0.35,0.031,0.294,0.277,0.0169999999999999
"Arroyo, Edwin",695490,2026,124,90,0.254,0.298,-0.0439999999999999,0.298,0.369,-0.071,0.27,0.316,-0.0459999999999999
"Susac, Daniel",691740,2026,123,85,0.261,0.259,0.002,0.333,0.344,-0.0109999999999999,0.284,0.293,-0.009
"Castellanos, Nick",592206,2026,122,83,0.191,0.244,-0.0529999999999999,0.339,0.4,-0.061,0.238,0.285,-0.0469999999999999
"Rodríguez, Endy",682848,2026,122,71,0.26,0.257,0.003,0.47,0.439,0.0309999999999999,0.378,0.366,0.012
"Doyle, Brenton",686668,2026,122,71,0.207,0.195,0.0119999999999999,0.27,0.275,-0.005,0.252,0.248,0.004
"Tawa, Tim",694374,2026,121,83,0.217,0.232,-0.015,0.396,0.376,0.02,0.296,0.296,0.0
"Mesa Jr., Victor",683748,2026,120,78,0.231,0.244,-0.0129999999999999,0.481,0.421,0.06,0.345,0.33,0.0149999999999999
"Loperfido, Joey",694388,2026,120,73,0.216,0.231,-0.015,0.333,0.337,-0.004,0.289,0.297,-0.008
"Rivas, Leo",660844,2026,120,66,0.131,0.15,-0.0189999999999999,0.172,0.214,-0.042,0.217,0.238,-0.0209999999999999
"Gasper, Mickey",681508,2026,119,88,0.243,0.226,0.0169999999999999,0.308,0.329,-0.021,0.277,0.28,-0.003
"Refsnyder, Rob",608701,2026,119,77,0.133,0.169,-0.036,0.219,0.289,-0.0699999999999999,0.195,0.249,-0.0539999999999999
"Schneider, Davis",676914,2026,118,61,0.153,0.155,-0.002,0.296,0.296,0.0,0.267,0.27,-0.003
"Sosa, Lenyn",672820,2026,117,90,0.195,0.222,-0.0269999999999999,0.283,0.345,-0.062,0.213,0.249,-0.036
"Robles, Victor",645302,2026,117,91,0.241,0.235,0.006,0.269,0.323,-0.0539999999999999,0.251,0.27,-0.019
"Walton, Donovan",622268,2026,115,81,0.304,0.258,0.0459999999999999,0.5,0.39,0.1099999999999999,0.381,0.321,0.06
"Heineman, Tyler",623168,2026,114,85,0.175,0.226,-0.051,0.223,0.271,-0.048,0.208,0.248,-0.04
"Benson, Will",666181,2026,114,58,0.188,0.189,-0.001,0.333,0.355,-0.0219999999999999,0.29,0.3,-0.01
"Kirk, Alejandro",672386,2026,114,88,0.218,0.237,-0.0189999999999999,0.347,0.348,-0.001,0.281,0.289,-0.0079999999999999
"Gonzalez, Jacob",694378,2026,114,81,0.252,0.269,-0.017,0.417,0.418,-0.001,0.324,0.331,-0.007
"Jones, Jahmai",663330,2026,112,64,0.149,0.221,-0.072,0.257,0.386,-0.129,0.225,0.302,-0.0769999999999999
"Bader, Harrison",664056,2026,111,73,0.17,0.215,-0.0449999999999999,0.358,0.367,-0.009,0.238,0.272,-0.034
"Conine, Griffin",665052,2026,110,63,0.268,0.284,-0.0159999999999999,0.536,0.535,0.001,0.383,0.389,-0.006
"Arias, Gabriel",672356,2026,109,56,0.243,0.233,0.0099999999999999,0.408,0.412,-0.004,0.298,0.294,0.004
"Thomas, Colby",687515,2026,109,72,0.204,0.188,0.0159999999999999,0.35,0.379,-0.029,0.258,0.261,-0.003
"Robert Jr., Luis",673357,2026,108,73,0.211,0.24,-0.0289999999999999,0.337,0.393,-0.0559999999999999,0.291,0.322,-0.031
"Pratt, Cooper",806198,2026,108,75,0.258,0.283,-0.0249999999999999,0.344,0.38,-0.036,0.309,0.336,-0.027
"Díaz, Elias",553869,2026,108,85,0.25,0.256,-0.006,0.433,0.382,0.0509999999999999,0.296,0.281,0.0149999999999999
"Rogers, Jake",668670,2026,107,62,0.167,0.163,0.004,0.311,0.298,0.013,0.264,0.259,0.005
"Allen, Nick",669397,2026,106,76,0.242,0.194,0.0479999999999999,0.305,0.245,0.06,0.266,0.225,0.041
"Song, Sung-Mun",823550,2026,106,76,0.228,0.2,0.0279999999999999,0.304,0.298,0.006,0.289,0.273,0.0159999999999999
"Seigler, Anthony",678011,2026,106,77,0.245,0.26,-0.015,0.383,0.397,-0.014,0.308,0.324,-0.016
"Bart, Joey",663698,2026,105,66,0.213,0.203,0.0099999999999999,0.372,0.385,-0.013,0.292,0.292,0.0
"Siri, Jose",642350,2026,104,67,0.269,0.231,0.038,0.473,0.439,0.0339999999999999,0.344,0.316,0.0279999999999999
"Taylor, Samad",669392,2026,102,60,0.33,0.283,0.047,0.398,0.351,0.047,0.364,0.326,0.0379999999999999
"Donovan, Brendan",680977,2026,101,70,0.274,0.263,0.011,0.452,0.384,0.068,0.37,0.344,0.026
"Perkins, Blake",663368,2026,101,68,0.157,0.196,-0.039,0.258,0.295,-0.0369999999999999,0.235,0.264,-0.029
"Thomas, Alek",677950,2026,100,72,0.181,0.235,-0.0539999999999999,0.34,0.397,-0.0569999999999999,0.245,0.292,-0.0469999999999999
"Edman, Tommy",669242,2026,100,70,0.36,0.33,0.0299999999999999,0.535,0.467,0.068,0.425,0.388,0.0369999999999999
"Pauley, Graham",688363,2026,99,70,0.172,0.164,0.0079999999999999,0.29,0.252,0.0379999999999999,0.223,0.205,0.018
"Williams, Alika",675961,2026,98,67,0.272,0.215,0.057,0.435,0.275,0.1599999999999999,0.316,0.232,0.0839999999999999
"Jordan, Blaze",691458,2026,98,80,0.253,0.262,-0.009,0.374,0.388,-0.014,0.271,0.299,-0.0279999999999999
"Callihan, Tyler",682997,2026,97,54,0.233,0.197,0.036,0.43,0.32,0.1099999999999999,0.321,0.269,0.0519999999999999
"Lockridge, Brandon",663604,2026,96,61,0.294,0.234,0.0599999999999999,0.341,0.284,0.057,0.323,0.276,0.0469999999999999
"Campusano, Luis",669134,2026,96,59,0.284,0.247,0.0369999999999999,0.519,0.412,0.107,0.397,0.347,0.05
"Stanton, Giancarlo",519317,2026,96,61,0.256,0.245,0.011,0.422,0.466,-0.044,0.316,0.326,-0.01
"Frazier, Adam",624428,2026,93,55,0.21,0.175,0.035,0.333,0.241,0.092,0.284,0.237,0.0469999999999999
"Marchán, Rafael",665561,2026,92,74,0.102,0.181,-0.079,0.17,0.248,-0.0779999999999999,0.143,0.208,-0.065
"Escarra, J.C.",641555,2026,92,68,0.188,0.206,-0.0179999999999999,0.271,0.308,-0.0369999999999999,0.228,0.257,-0.0289999999999999
"Polanco, Jorge",593871,2026,91,67,0.165,0.208,-0.0429999999999999,0.247,0.288,-0.0409999999999999,0.212,0.246,-0.034
"Shewmake, Braden",669699,2026,91,73,0.259,0.246,0.013,0.424,0.411,0.013,0.295,0.294,0.001
"Durán, Rodolfo",660710,2026,91,59,0.146,0.18,-0.034,0.305,0.323,-0.018,0.236,0.257,-0.021
"Watson, Kahlil",696135,2026,91,56,0.239,0.209,0.03,0.341,0.33,0.011,0.265,0.246,0.019
"Fraley, Jake",641584,2026,90,57,0.232,0.204,0.028,0.39,0.345,0.045,0.304,0.276,0.0279999999999999
"Naylor, Bo",666310,2026,90,63,0.143,0.215,-0.072,0.238,0.399,-0.161,0.199,0.29,-0.0909999999999999
"Smith, Pavin",656976,2026,89,61,0.141,0.188,-0.047,0.192,0.253,-0.061,0.205,0.255,-0.05
"Beck, Jordan",687597,2026,88,61,0.183,0.224,-0.041,0.305,0.319,-0.014,0.233,0.26,-0.0269999999999999
"Yorke, Nick",694377,2026,86,60,0.197,0.243,-0.0459999999999999,0.276,0.362,-0.0859999999999999,0.255,0.306,-0.0509999999999999
"Jones, Spencer",682987,2026,86,41,0.224,0.191,0.033,0.355,0.33,0.0249999999999999,0.301,0.276,0.0249999999999999
"Haase, Eric",606992,2026,84,49,0.162,0.184,-0.0219999999999999,0.365,0.361,0.004,0.263,0.271,-0.008
"Halpin, Petey",690984,2026,84,61,0.218,0.23,-0.012,0.359,0.366,-0.007,0.255,0.263,-0.008
"McCutchen, Andrew",457705,2026,83,52,0.192,0.164,0.0279999999999999,0.26,0.265,-0.005,0.248,0.237,0.011
"Wiemer, Joey",686894,2026,83,41,0.286,0.217,0.0689999999999999,0.514,0.349,0.165,0.396,0.315,0.081
"Saggese, Thomas",695336,2026,82,50,0.184,0.203,-0.019,0.276,0.365,-0.0889999999999999,0.234,0.274,-0.04
"Báez, Javier",595879,2026,82,63,0.256,0.272,-0.016,0.397,0.361,0.036,0.293,0.294,-0.001
"Kim, Ha-Seong",673490,2026,82,51,0.068,0.146,-0.0779999999999999,0.068,0.203,-0.135,0.131,0.212,-0.0809999999999999
"Crooks, Jimmy",699625,2026,81,44,0.169,0.225,-0.0559999999999999,0.324,0.427,-0.1029999999999999,0.271,0.329,-0.0579999999999999
"Rincones Jr., Gabriel",687282,2026,79,53,0.173,0.162,0.0109999999999999,0.307,0.297,0.01,0.221,0.215,0.006
"Chaparro, Andrés",665953,2026,79,47,0.212,0.255,-0.043,0.439,0.509,-0.07,0.345,0.385,-0.04
"Trevino, Jose",624431,2026,78,65,0.267,0.226,0.041,0.427,0.315,0.1119999999999999,0.303,0.24,0.063
"McCann, James",543510,2026,78,55,0.257,0.194,0.063,0.419,0.341,0.0779999999999999,0.301,0.241,0.06
"Thompson, Sterlin",694514,2026,77,48,0.232,0.219,0.013,0.377,0.357,0.02,0.307,0.295,0.012
"Ramírez, Pedro",699393,2026,77,60,0.286,0.26,0.0259999999999999,0.443,0.361,0.082,0.333,0.293,0.04
"Pereira, Everson",677592,2026,77,47,0.232,0.22,0.012,0.42,0.405,0.0149999999999999,0.313,0.302,0.011
"Torres, Bryan",663494,2026,76,54,0.203,0.236,-0.0329999999999999,0.435,0.408,0.027,0.302,0.309,-0.007
"Wilson, Weston",642215,2026,75,46,0.224,0.176,0.048,0.388,0.293,0.095,0.309,0.255,0.0539999999999999
"Slater, Austin",596103,2026,74,45,0.231,0.182,0.049,0.277,0.236,0.041,0.271,0.235,0.036
"Morel, Christopher",666624,2026,73,40,0.162,0.187,-0.0249999999999999,0.206,0.239,-0.033,0.197,0.22,-0.0229999999999999
"Dezenzo, Zach",701305,2026,72,38,0.231,0.209,0.022,0.338,0.316,0.022,0.29,0.27,0.0199999999999999
"Velázquez, Nelson",676369,2026,72,43,0.222,0.261,-0.039,0.46,0.517,-0.0569999999999999,0.33,0.367,-0.0369999999999999
"Schuemann, Max",680474,2026,71,40,0.228,0.21,0.018,0.421,0.367,0.0539999999999999,0.36,0.336,0.0239999999999999
"Teel, Kyle",691019,2026,70,36,0.19,0.233,-0.043,0.317,0.371,-0.0539999999999999,0.266,0.302,-0.0359999999999999
"Kelenic, Jarred",672284,2026,69,36,0.213,0.238,-0.0249999999999999,0.295,0.472,-0.177,0.276,0.346,-0.0699999999999999
"Tolbert, Tyler",686475,2026,69,54,0.328,0.266,0.062,0.443,0.337,0.1059999999999999,0.352,0.303,0.0489999999999999
"Urías, Ramón",602104,2026,68,46,0.158,0.185,-0.0269999999999999,0.316,0.374,-0.0579999999999999,0.272,0.306,-0.0339999999999999
"Fulford, Braxton",690924,2026,68,34,0.186,0.142,0.044,0.305,0.234,0.0709999999999999,0.255,0.211,0.044
"Pereda, Jhonny",640902,2026,68,52,0.27,0.306,-0.0359999999999999,0.365,0.416,-0.0509999999999999,0.308,0.341,-0.033
"Short, Zack",670097,2026,62,34,0.14,0.159,-0.0189999999999999,0.18,0.269,-0.089,0.218,0.256,-0.038
"Jackson, Alex",656577,2026,62,42,0.322,0.2,0.122,0.441,0.28,0.1609999999999999,0.35,0.233,0.1169999999999999
"Kuroda-Grauer, Joshua",811965,2026,62,53,0.417,0.317,0.0999999999999999,0.583,0.416,0.1669999999999999,0.442,0.329,0.1129999999999999
"Espinal, Santiago",669289,2026,60,51,0.268,0.285,-0.0169999999999999,0.375,0.374,0.001,0.281,0.29,-0.0089999999999999
"Clarke, Denzel",672016,2026,60,32,0.17,0.163,0.007,0.189,0.19,-0.001,0.196,0.193,0.003
"Ward, Ryan",669899,2026,60,38,0.218,0.239,-0.0209999999999999,0.455,0.424,0.031,0.318,0.316,0.002
"Bericoto, Victor",682674,2026,59,43,0.293,0.217,0.0759999999999999,0.552,0.457,0.095,0.365,0.289,0.076
"Gonzalez, Romy",663853,2026,59,35,0.189,0.239,-0.0499999999999999,0.321,0.361,-0.0399999999999999,0.267,0.303,-0.0359999999999999
"Wynns, Austin",642851,2026,58,41,0.074,0.217,-0.143,0.074,0.332,-0.258,0.099,0.26,-0.161
"India, Jonathan",663697,2026,58,35,0.167,0.173,-0.0059999999999999,0.313,0.289,0.024,0.29,0.284,0.006
"Kepler, Max",596146,2026,57,40,0.235,0.219,0.0159999999999999,0.412,0.443,-0.031,0.296,0.317,-0.021
"Rivero, Sebastián",665861,2026,57,42,0.245,0.256,-0.011,0.283,0.299,-0.016,0.257,0.267,-0.01
"Brito, Juan",682877,2026,56,34,0.176,0.205,-0.0289999999999999,0.255,0.287,-0.0319999999999999,0.232,0.256,-0.0239999999999999
"Wade Jr., LaMonte",664774,2026,56,34,0.17,0.193,-0.0229999999999999,0.34,0.309,0.031,0.293,0.291,0.002
"Jarvis, Jim",805347,2026,56,43,0.308,0.267,0.0409999999999999,0.481,0.37,0.1109999999999999,0.358,0.298,0.06
"Groover, LuJames",694410,2026,54,37,0.167,0.215,-0.0479999999999999,0.271,0.328,-0.0569999999999999,0.245,0.286,-0.0409999999999999
"Cole, Zach",805904,2026,53,30,0.157,0.209,-0.0519999999999999,0.353,0.438,-0.085,0.233,0.289,-0.0559999999999999
"Madrigal, Nick",663611,2026,52,41,0.273,0.232,0.041,0.295,0.286,0.009,0.32,0.298,0.022
"Bowen, Jase",687749,2026,52,29,0.143,0.185,-0.042,0.184,0.275,-0.091,0.175,0.228,-0.053
"Harris, Dustin",687957,2026,52,38,0.233,0.286,-0.0529999999999999,0.302,0.356,-0.0539999999999999,0.292,0.334,-0.042
"Teodosio, Bryce",669326,2026,51,30,0.213,0.16,0.0529999999999999,0.255,0.236,0.019,0.234,0.203,0.031
"Mauricio, Ronny",677595,2026,50,32,0.18,0.181,-0.001,0.26,0.299,-0.0389999999999999,0.19,0.205,-0.0149999999999999
"Arcia, Orlando",606115,2026,50,40,0.271,0.223,0.048,0.354,0.298,0.0559999999999999,0.289,0.245,0.0439999999999999
"Rodriguez, Jesus",683679,2026,50,40,0.244,0.277,-0.033,0.422,0.372,0.0499999999999999,0.319,0.316,0.003
"Johnson, Bryce",669369,2026,49,28,0.178,0.147,0.031,0.222,0.166,0.0559999999999999,0.207,0.172,0.035
"Cavanaugh, Drew",701852,2026,47,28,0.237,0.229,0.0079999999999999,0.237,0.344,-0.1069999999999999,0.286,0.317,-0.031
"Haggerty, Sam",664059,2026,47,28,0.159,0.156,0.003,0.182,0.181,0.001,0.185,0.182,0.003
"Rojas, Josh",668942,2026,46,36,0.244,0.189,0.0549999999999999,0.356,0.29,0.066,0.269,0.217,0.052
"Wagner, Will",695238,2026,45,28,0.257,0.249,0.008,0.286,0.282,0.004,0.333,0.329,0.004
"Joe, Connor",656582,2026,45,24,0.179,0.257,-0.078,0.308,0.397,-0.089,0.273,0.337,-0.064
"Hays, Austin",669720,2026,44,30,0.233,0.286,-0.0529999999999999,0.326,0.365,-0.0389999999999999,0.242,0.283,-0.0409999999999999
"Misner, Kameron",670224,2026,44,25,0.22,0.185,0.035,0.244,0.242,0.002,0.227,0.209,0.018
"León, Sandy",506702,2026,44,26,0.091,0.135,-0.044,0.091,0.17,-0.079,0.081,0.132,-0.051
"Wisdom, Patrick",621550,2026,44,23,0.122,0.178,-0.0559999999999999,0.22,0.403,-0.183,0.171,0.265,-0.094
"Lawlar, Jordan",691783,2026,44,28,0.316,0.277,0.0389999999999999,0.447,0.393,0.0539999999999999,0.383,0.348,0.035
"Cheng, Tsung-Che",691907,2026,44,26,0.256,0.237,0.019,0.282,0.392,-0.11,0.274,0.303,-0.0289999999999999
"Cook, Billy",695257,2026,43,26,0.209,0.137,0.0719999999999999,0.279,0.185,0.094,0.211,0.139,0.0719999999999999
"Wagaman, Eric",676572,2026,42,27,0.162,0.196,-0.034,0.324,0.342,-0.018,0.266,0.286,-0.0199999999999999
"Sogard, Nick",686765,2026,41,30,0.257,0.257,0.0,0.371,0.304,0.067,0.323,0.301,0.022
"Sánchez, Ali",645305,2026,41,29,0.237,0.281,-0.044,0.289,0.325,-0.036,0.248,0.281,-0.033
"d'Arnaud, Travis",518595,2026,40,28,0.2,0.23,-0.03,0.314,0.436,-0.122,0.282,0.337,-0.055
"Meadows, Parker",678009,2026,39,26,0.25,0.212,0.038,0.333,0.277,0.0559999999999999,0.287,0.25,0.0369999999999999
"Eaton, Nate",681987,2026,39,20,0.125,0.16,-0.035,0.281,0.316,-0.0349999999999999,0.266,0.291,-0.0249999999999999
"Hinds, Rece",677956,2026,38,17,0.114,0.131,-0.017,0.2,0.157,0.043,0.16,0.155,0.005
"Cauley, Cam",695508,2026,38,26,0.273,0.218,0.055,0.485,0.27,0.2149999999999999,0.371,0.277,0.0939999999999999
"Valera, George",671655,2026,38,29,0.216,0.193,0.0229999999999999,0.297,0.232,0.0649999999999999,0.235,0.198,0.0369999999999999
"Workman, Gage",669398,2026,38,22,0.158,0.23,-0.072,0.395,0.511,-0.1159999999999999,0.23,0.311,-0.0809999999999999
"Reyes, Felix",694025,2026,38,29,0.158,0.229,-0.071,0.263,0.314,-0.0509999999999999,0.18,0.233,-0.053
"Keys, Sean",815873,2026,37,23,0.167,0.176,-0.0089999999999999,0.278,0.286,-0.0079999999999999,0.204,0.211,-0.007
"Garcia, Jhostynxon",691373,2026,37,25,0.2,0.238,-0.0379999999999999,0.229,0.36,-0.1309999999999999,0.217,0.282,-0.0649999999999999
"Delgado, Raynel",669384,2026,36,29,0.273,0.248,0.025,0.394,0.333,0.061,0.312,0.277,0.0349999999999999
"Perez, Junior",678577,2026,35,20,0.147,0.183,-0.036,0.324,0.43,-0.1059999999999999,0.213,0.269,-0.056
"Malgeri, Ben",701162,2026,35,23,0.267,0.218,0.049,0.333,0.307,0.026,0.304,0.282,0.022
"Encarnacion, Jerar",666464,2026,35,26,0.176,0.19,-0.014,0.206,0.266,-0.06,0.183,0.21,-0.0269999999999999
"Tromp, Chadwick",644433,2026,35,27,0.212,0.175,0.037,0.242,0.232,0.0099999999999999,0.194,0.176,0.018
"Jiménez, Eloy",650391,2026,35,25,0.29,0.214,0.0759999999999999,0.29,0.289,0.001,0.288,0.256,0.0319999999999999
"Helman, Michael",680737,2026,35,26,0.167,0.147,0.02,0.3,0.208,0.092,0.239,0.2,0.0389999999999999
"McGuire, Reese",624512,2026,34,21,0.172,0.186,-0.014,0.172,0.215,-0.043,0.221,0.242,-0.0209999999999999
"Stevens, Chad",677060,2026,34,16,0.036,0.117,-0.081,0.036,0.186,-0.15,0.129,0.21,-0.0809999999999999
"Urías, Luis",649966,2026,33,26,0.267,0.237,0.03,0.5,0.332,0.1679999999999999,0.36,0.288,0.072
"Murray, Tanner",695020,2026,33,23,0.214,0.191,0.0229999999999999,0.321,0.39,-0.069,0.255,0.275,-0.02
"Williams, Carson",700246,2026,33,20,0.1,0.162,-0.062,0.133,0.215,-0.0819999999999999,0.139,0.197,-0.0579999999999999
"Pozo, Yohel",650968,2026,33,30,0.242,0.254,-0.012,0.273,0.307,-0.0339999999999999,0.227,0.244,-0.0169999999999999
"Higgins, P.J.",664731,2026,32,22,0.231,0.276,-0.045,0.269,0.326,-0.0569999999999999,0.245,0.287,-0.0419999999999999
"Huff, Sam",669087,2026,32,13,0.129,0.097,0.032,0.194,0.186,0.008,0.156,0.138,0.0179999999999999
"Stubbs, Garrett",596117,2026,32,23,0.179,0.208,-0.0289999999999999,0.179,0.253,-0.074,0.206,0.243,-0.037
"Nishida, Rikuu",807747,2026,30,25,0.241,0.258,-0.017,0.241,0.306,-0.065,0.215,0.247,-0.032
"Roden, Alan",702176,2026,30,22,0.2,0.273,-0.073,0.2,0.432,-0.2319999999999999,0.241,0.354,-0.1129999999999999
"Mastrobuoni, Miles",670156,2026,30,18,0.192,0.145,0.047,0.192,0.201,-0.009,0.201,0.184,0.017
"Lara, Luis",800325,2026,30,21,0.24,0.283,-0.0429999999999999,0.28,0.373,-0.0929999999999999,0.306,0.351,-0.0449999999999999
"Cox, Jonah",813841,2026,29,14,0.269,0.223,0.046,0.5,0.397,0.1029999999999999,0.325,0.263,0.062
"Barger, Addison",680718,2026,28,16,0.045,0.131,-0.086,0.091,0.185,-0.094,0.17,0.255,-0.0849999999999999
"Black, Tyler",672012,2026,28,20,0.333,0.17,0.163,0.481,0.229,0.252,0.363,0.191,0.172
"Fairchild, Stuart",656413,2026,27,5,0.158,0.089,0.069,0.158,0.151,0.007,0.307,0.28,0.0269999999999999
"Kemp, Otto",805249,2026,27,15,0.08,0.162,-0.082,0.08,0.221,-0.141,0.119,0.205,-0.086
"Ibáñez, Andy",628451,2026,26,22,0.087,0.152,-0.065,0.087,0.205,-0.118,0.095,0.164,-0.069
"Santana, Carlos",467793,2026,26,16,0.083,0.142,-0.0589999999999999,0.125,0.192,-0.067,0.136,0.187,-0.0509999999999999
"Robinson, Chuckie",642020,2026,26,21,0.087,0.159,-0.072,0.087,0.181,-0.094,0.077,0.149,-0.072
"McAdoo, Charles",807727,2026,25,19,0.16,0.213,-0.0529999999999999,0.28,0.324,-0.0439999999999999,0.188,0.234,-0.046
"Kayfus, CJ",692216,2026,25,14,0.182,0.169,0.0129999999999999,0.364,0.427,-0.063,0.288,0.304,-0.016
"Meneses, Joey",608841,2026,25,17,0.15,0.269,-0.119,0.15,0.314,-0.164,0.22,0.327,-0.107
"Clase, Jonatan",682729,2026,25,14,0.273,0.171,0.102,0.545,0.267,0.278,0.389,0.247,0.142
"Jones, Greg",675659,2026,24,14,0.087,0.174,-0.087,0.087,0.205,-0.118,0.077,0.164,-0.087
"Ingle, Cooper",694876,2026,24,9,0.095,0.106,-0.0109999999999999,0.095,0.127,-0.032,0.161,0.175,-0.0139999999999999
"Whitcomb, Shay",694376,2026,24,12,0.13,0.162,-0.032,0.391,0.415,-0.0239999999999999,0.236,0.258,-0.022
"Brennan, Will",686823,2026,23,20,0.087,0.174,-0.087,0.087,0.238,-0.151,0.077,0.178,-0.1009999999999999
"Koss, Christian",683766,2026,23,19,0.143,0.187,-0.044,0.19,0.212,-0.0219999999999999,0.194,0.221,-0.0269999999999999
"Spence, Lucas",828599,2026,22,14,0.2,0.207,-0.0069999999999999,0.25,0.315,-0.065,0.242,0.268,-0.026
"Moore, Christian",695681,2026,22,10,0.2,0.188,0.012,0.2,0.241,-0.0409999999999999,0.193,0.202,-0.009
"Salazar, César",663967,2026,22,15,0.056,0.237,-0.181,0.056,0.328,-0.272,0.169,0.328,-0.159
"Alcántara, Kevin",682634,2026,21,11,0.2,0.222,-0.0219999999999999,0.2,0.264,-0.064,0.203,0.234,-0.031
"Rave, John",670231,2026,21,11,0.222,0.27,-0.048,0.611,0.614,-0.003,0.392,0.419,-0.0269999999999999
"White, Tommy",695720,2026,21,19,0.368,0.324,0.0439999999999999,0.421,0.402,0.0189999999999999,0.38,0.35,0.03
"Hicklen, Brewer",676551,2026,21,11,0.389,0.27,0.119,0.611,0.427,0.184,0.466,0.355,0.111
"Matos, Luis",682641,2026,21,13,0.2,0.099,0.101,0.2,0.136,0.064,0.203,0.13,0.073
"Candelario, Jeimer",600869,2026,20,10,0.111,0.167,-0.056,0.222,0.212,0.01,0.197,0.218,-0.0209999999999999
"Garcia, Aramis",605244,2026,19,13,0.158,0.198,-0.04,0.316,0.415,-0.0989999999999999,0.201,0.259,-0.0579999999999999
"Flores Jr., Rafael",804668,2026,19,13,0.267,0.349,-0.0819999999999999,0.533,0.683,-0.15,0.414,0.489,-0.075
"Fedko, Kyler",693459,2026,19,9,0.0,0.097,-0.097,0.0,0.136,-0.136,0.074,0.166,-0.092
"Azócar, José",640492,2026,18,13,0.353,0.282,0.071,0.471,0.345,0.126,0.376,0.298,0.078
"Freeman, Cody",683227,2026,18,12,0.235,0.142,0.093,0.235,0.161,0.0739999999999999,0.236,0.164,0.0719999999999999
"Kennedy, Buddy",671083,2026,18,10,0.063,0.143,-0.0799999999999999,0.125,0.167,-0.042,0.147,0.198,-0.051
"Encarnacion-Strand, Christian",687952,2026,17,13,0.375,0.251,0.124,0.75,0.557,0.1929999999999999,0.477,0.338,0.1389999999999999
"Johnson, Daniel",669288,2026,17,11,0.143,0.28,-0.137,0.143,0.32,-0.177,0.23,0.341,-0.111
"Senger, Hayden",663584,2026,17,13,0.133,0.15,-0.0169999999999999,0.333,0.281,0.0519999999999999,0.195,0.181,0.014
"Prieto, César",693409,2026,17,15,0.0,0.201,-0.201,0.0,0.396,-0.396,0.0,0.251,-0.251
"Farmer, Kyle",571657,2026,16,12,0.267,0.264,0.003,0.333,0.304,0.029,0.245,0.238,0.007
"Rodríguez, Johnathan",671286,2026,15,6,0.182,0.138,0.0439999999999999,0.273,0.235,0.038,0.283,0.297,-0.014
"Mountcastle, Ryan",663624,2026,15,12,0.286,0.279,0.0069999999999999,0.357,0.348,0.009,0.308,0.301,0.007
"Navarreto, Brian",640459,2026,15,10,0.167,0.083,0.084,0.25,0.144,0.106,0.219,0.142,0.077
"Moore, Dylan",664238,2026,15,6,0.0,0.096,-0.096,0.0,0.178,-0.178,0.14,0.233,-0.093
"Murphy, Sean",669221,2026,14,8,0.071,0.14,-0.069,0.071,0.16,-0.089,0.063,0.133,-0.07
"Pham, Tommy",502054,2026,14,6,0.0,0.099,-0.099,0.0,0.117,-0.117,0.05,0.137,-0.087
"Alfonzo, Eliezer",672613,2026,14,12,0.143,0.186,-0.043,0.214,0.238,-0.0239999999999999,0.153,0.181,-0.0279999999999999
"Mancini, Trey",641820,2026,14,11,0.308,0.241,0.067,0.462,0.322,0.14,0.304,0.282,0.022
"Bruján, Vidal",660644,2026,13,11,0.091,0.164,-0.073,0.091,0.231,-0.14,0.132,0.213,-0.0809999999999999
"Price, Collin",805672,2026,13,6,0.167,0.259,-0.092,0.25,0.361,-0.1109999999999999,0.219,0.302,-0.0829999999999999
"Valencia, Eduardo",680664,2026,13,8,0.417,0.288,0.129,0.917,0.658,0.259,0.575,0.423,0.1519999999999999
"Ford, Harry",695670,2026,13,6,0.273,0.121,0.152,0.636,0.295,0.341,0.432,0.257,0.175
"Dunn, Oliver",686554,2026,12,8,0.091,0.174,-0.0829999999999999,0.091,0.192,-0.101,0.132,0.207,-0.0749999999999999
"Morabito, Nick",703492,2026,12,2,0.0,0.126,-0.126,0.0,0.156,-0.156,0.061,0.173,-0.1119999999999999
"Cabrera, Oswaldo",665828,2026,11,7,0.0,0.158,-0.158,0.0,0.187,-0.187,0.0,0.148,-0.148
"Maile, Luke",571912,2026,11,7,0.2,0.156,0.044,0.5,0.268,0.2319999999999999,0.33,0.228,0.102
"Tellez, Rowdy",642133,2026,11,7,0.2,0.339,-0.139,0.5,0.828,-0.3279999999999999,0.33,0.506,-0.176
"Solak, Nick",669256,2026,10,8,0.143,0.26,-0.117,0.143,0.502,-0.359,0.232,0.373,-0.141
"Locklear, Tyler",682988,2026,10,7,0.25,0.281,-0.031,0.25,0.476,-0.2259999999999999,0.317,0.4,-0.083
"Bliss, Ryan",669208,2026,10,6,0.125,0.203,-0.078,0.125,0.295,-0.1699999999999999,0.159,0.27,-0.111
"Harris, Brett",695391,2026,9,4,0.0,0.089,-0.089,0.0,0.105,-0.105,0.24,0.299,-0.059
"Dean, Justin",681909,2026,8,3,0.333,0.25,0.083,0.667,0.317,0.35,0.484,0.36,0.124
"Jung, Jace",690291,2026,8,5,0.167,0.287,-0.1199999999999999,0.167,0.387,-0.22,0.286,0.392,-0.106
"De Los Santos, Deyvison",691277,2026,7,4,0.286,0.201,0.0849999999999999,0.429,0.314,0.1149999999999999,0.307,0.221,0.086
"Berroa, Steward",672642,2026,7,3,0.143,0.226,-0.083,0.143,0.27,-0.127,0.127,0.211,-0.0839999999999999
"Oliva, Jared",666931,2026,7,6,0.143,0.322,-0.179,0.143,0.379,-0.236,0.127,0.308,-0.181
"Ritter, Ryan",690022,2026,7,4,0.143,0.167,-0.024,0.143,0.214,-0.071,0.127,0.166,-0.039
"Porter, Logan",682515,2026,6,2,0.25,0.269,-0.019,0.5,0.363,0.137,0.442,0.414,0.028
"Wilson, Will",669717,2026,6,4,0.2,0.212,-0.0119999999999999,0.8,0.762,0.038,0.456,0.451,0.005
"Johnson, Ivan",671155,2026,6,4,0.0,0.073,-0.073,0.0,0.196,-0.196,0.116,0.21,-0.0939999999999999
"Stefanic, Michael",683021,2026,5,4,0.4,0.253,0.147,0.4,0.28,0.12,0.356,0.232,0.1239999999999999
"Baker, Luken",663609,2026,5,2,0.2,0.132,0.068,0.2,0.15,0.05,0.178,0.123,0.0549999999999999
"Cruz, Trei",669360,2026,5,2,0.0,0.096,-0.096,0.0,0.127,-0.127,0.0,0.097,-0.097
"Gonzalez, Gabriel",694224,2026,4,2,0.5,0.154,0.346,0.5,0.166,0.3339999999999999,0.571,0.422,0.1489999999999999
"Wendzel, Davis",673995,2026,4,4,0.0,0.224,-0.224,0.0,0.307,-0.307,0.0,0.23,-0.23
"Serven, Brian",661531,2026,4,3,0.25,0.209,0.041,0.25,0.234,0.0159999999999999,0.222,0.195,0.0269999999999999
"Hernández, Enrique",571771,2026,4,4,1.0,0.543,0.4569999999999999,2.25,1.322,0.928,1.361,0.78,0.581
"Kingery, Scott",664068,2026,4,4,0.25,0.167,0.0829999999999999,0.25,0.19,0.06,0.222,0.156,0.066
"Carlson, Dylan",666185,2026,4,2,0.0,0.067,-0.067,0.0,0.096,-0.096,0.0,0.07,-0.07
"McCray, Grant",687529,2026,4,2,0.0,0.041,-0.041,0.0,0.045,-0.045,0.0,0.037,-0.037
"De La Cruz, Bryan",650559,2026,3,1,0.5,0.34,0.1599999999999999,2.0,1.337,0.663,0.912,0.69,0.2220000000000001
"Velazquez, Andrew",623205,2026,3,3,0.333,0.192,0.141,0.333,0.196,0.137,0.296,0.173,0.123
"Hunt, Blake",675448,2026,3,0,0.0,,,0.0,,,0.0,0.0,0.0
"Martinez, Omar",683079,2026,3,2,0.333,0.116,0.217,0.333,0.136,0.197,0.296,0.111,0.185
"Quero, Jeferson",691620,2026,2,1,0.0,0.306,-0.306,0.0,0.355,-0.355,0.349,0.495,-0.146
"Camargo, Jair",665856,2026,2,1,0.5,0.322,0.178,1.0,0.648,0.352,0.629,0.407,0.222
"Ortiz, Abimelec",694673,2026,2,2,0.5,0.42,0.08,1.0,0.572,0.428,0.629,0.427,0.202
"Vásquez, Randy",681190,2026,1,1,0.0,0.049,-0.049,0.0,0.05,-0.05,0.0,0.044,-0.044
"Williams, Luke",663897,2026,1,0,,,,,,,0.698,0.698,0.0
"Siani, Michael",672279,2026,1,1,0.0,0.302,-0.302,0.0,0.353,-0.353,0.0,0.292,-0.292
"Brannigan, Jack",687394,2026,1,0,0.0,,,0.0,,,0.0,0.0,0.0
"Handley, Maverick",668974,2026,1,0,0.0,,,0.0,,,0.0,0.0,0.0
"Mederos, Victor",682989,2026,1,1,1.0,0.583,0.417,1.0,0.664,0.3359999999999999,0.889,0.543,0.346
