"last_name, first_name",player_id,year,pa,bip,ba,est_ba,est_ba_minus_ba_diff,slg,est_slg,est_slg_minus_slg_diff,woba,est_woba,est_woba_minus_woba_diff,era,xera,era_minus_xera_diff
"Alcantara, Sandy",645261,2026,543,403,0.255,0.256,-0.001,0.381,0.37,0.011,0.304,0.301,0.003,4.0,3.74,0.255
"Sánchez, Cristopher",650911,2026,525,354,0.254,0.231,0.0229999999999999,0.373,0.368,0.005,0.293,0.279,0.0139999999999999,2.62,3.19,-0.575
"Wacha, Michael",608379,2026,487,352,0.243,0.251,-0.008,0.41,0.41,0.0,0.311,0.315,-0.004,3.77,4.13,-0.359
"Baz, Shane",669358,2026,482,338,0.265,0.258,0.007,0.419,0.406,0.0129999999999999,0.325,0.322,0.003,4.19,4.33,-0.139
"Gausman, Kevin",592332,2026,470,321,0.244,0.24,0.004,0.405,0.404,0.001,0.305,0.305,0.0,4.33,3.85,0.476
"Valdez, Framber",664285,2026,469,336,0.252,0.249,0.003,0.376,0.394,-0.018,0.312,0.317,-0.005,4.1,4.19,-0.094
"Schlittler, Cam",693645,2026,469,303,0.2,0.215,-0.0149999999999999,0.329,0.352,-0.0229999999999999,0.254,0.27,-0.016,2.05,2.98,-0.932
"Peralta, Freddy",642547,2026,466,313,0.257,0.233,0.0239999999999999,0.431,0.363,0.068,0.336,0.303,0.033,4.66,3.79,0.868
"Soriano, José",667755,2026,466,294,0.222,0.242,-0.0199999999999999,0.33,0.381,-0.0509999999999999,0.294,0.322,-0.028,3.49,4.33,-0.844
"Eovaldi, Nathan",543135,2026,463,310,0.245,0.243,0.002,0.423,0.408,0.015,0.314,0.308,0.006,4.04,3.93,0.112
"Luzardo, Jesús",666200,2026,463,285,0.24,0.211,0.0289999999999999,0.353,0.308,0.0449999999999999,0.295,0.269,0.0259999999999999,3.51,2.96,0.548
"Lorenzen, Michael",547179,2026,463,347,0.324,0.292,0.032,0.513,0.468,0.0449999999999999,0.387,0.359,0.028,6.22,5.55,0.666
"Rodriguez, Eduardo",593958,2026,462,344,0.223,0.267,-0.044,0.371,0.466,-0.095,0.292,0.345,-0.0529999999999999,2.29,5.06,-2.771
"Ashcraft, Braxton",677952,2026,461,300,0.235,0.225,0.0099999999999999,0.382,0.356,0.026,0.293,0.283,0.01,3.49,3.28,0.214
"Williams, Gavin",668909,2026,460,286,0.222,0.244,-0.0219999999999999,0.397,0.433,-0.0359999999999999,0.302,0.324,-0.022,3.81,4.39,-0.578
"Abbott, Andrew",671096,2026,457,323,0.251,0.259,-0.008,0.409,0.426,-0.017,0.325,0.335,-0.01,4.11,4.73,-0.616
"Bibee, Tanner",676440,2026,457,334,0.23,0.262,-0.032,0.407,0.442,-0.035,0.304,0.332,-0.028,3.9,4.64,-0.737
"Kirby, George",669923,2026,456,332,0.282,0.26,0.0219999999999999,0.424,0.395,0.0289999999999999,0.326,0.305,0.021,3.76,3.85,-0.086
"Bradish, Kyle",680694,2026,454,297,0.237,0.228,0.0089999999999999,0.382,0.366,0.016,0.312,0.303,0.009,3.61,3.79,-0.184
"Detmers, Reid",672282,2026,452,289,0.22,0.221,-0.001,0.364,0.358,0.006,0.285,0.287,-0.002,4.39,3.38,1.01
"Lugo, Seth",607625,2026,450,327,0.284,0.281,0.0029999999999999,0.475,0.488,-0.013,0.354,0.357,-0.003,4.56,5.48,-0.923
"Ryan, Joe",657746,2026,450,292,0.218,0.215,0.003,0.345,0.365,-0.02,0.271,0.279,-0.008,2.85,3.19,-0.335
"Gilbert, Logan",669302,2026,449,301,0.213,0.241,-0.0279999999999999,0.38,0.406,-0.026,0.28,0.303,-0.0229999999999999,3.32,3.79,-0.474
"Gore, MacKenzie",669022,2026,448,290,0.234,0.237,-0.0029999999999999,0.394,0.382,0.012,0.309,0.306,0.003,4.63,3.88,0.749
"McLean, Nolan",690997,2026,448,271,0.207,0.217,-0.01,0.334,0.336,-0.002,0.286,0.291,-0.005,3.52,3.48,0.042
"Meyer, Max",676974,2026,446,285,0.206,0.228,-0.022,0.339,0.374,-0.0349999999999999,0.28,0.302,-0.0219999999999999,2.58,3.77,-1.187
"Griffin, Foster",656492,2026,445,303,0.21,0.238,-0.0279999999999999,0.366,0.401,-0.035,0.28,0.304,-0.0239999999999999,2.77,3.82,-1.047
"Messick, Parker",800048,2026,445,298,0.209,0.228,-0.019,0.346,0.34,0.0059999999999999,0.272,0.281,-0.009,2.73,3.23,-0.498
"Keller, Mitch",656605,2026,443,324,0.256,0.289,-0.0329999999999999,0.421,0.454,-0.033,0.328,0.354,-0.0259999999999999,5.14,5.37,-0.231
"King, Michael",650633,2026,443,299,0.211,0.25,-0.039,0.322,0.403,-0.081,0.284,0.329,-0.045,3.41,4.55,-1.144
"Ray, Robbie",592662,2026,443,301,0.217,0.237,-0.0199999999999999,0.379,0.426,-0.0469999999999999,0.303,0.331,-0.028,3.38,4.61,-1.235
"Skenes, Paul",694973,2026,440,278,0.216,0.203,0.0129999999999999,0.357,0.32,0.0369999999999999,0.276,0.258,0.018,3.57,2.71,0.862
"Gallen, Zac",668678,2026,440,344,0.304,0.312,-0.008,0.506,0.53,-0.024,0.372,0.383,-0.011,6.34,6.48,-0.143
"Imanaga, Shota",684007,2026,438,303,0.232,0.231,0.001,0.441,0.408,0.033,0.314,0.301,0.013,4.17,3.74,0.427
"Burke, Sean",680732,2026,435,280,0.233,0.228,0.005,0.396,0.368,0.028,0.308,0.296,0.012,3.41,3.61,-0.203
"Elder, Bryce",693821,2026,435,314,0.243,0.247,-0.004,0.397,0.385,0.012,0.306,0.303,0.003,4.12,3.79,0.33
"Ginn, J.T.",669372,2026,434,289,0.219,0.237,-0.0179999999999999,0.361,0.373,-0.012,0.301,0.313,-0.012,3.67,4.07,-0.4
"Cavalli, Cade",676917,2026,433,279,0.263,0.25,0.013,0.365,0.38,-0.015,0.314,0.316,-0.002,3.83,4.16,-0.329
"Bradley, Taj",671737,2026,431,271,0.22,0.224,-0.004,0.386,0.382,0.004,0.301,0.304,-0.003,3.59,3.82,-0.226
"Cantillo, Joey",676282,2026,430,274,0.245,0.228,0.0169999999999999,0.392,0.366,0.026,0.323,0.306,0.017,3.56,3.88,-0.316
"Springs, Jeffrey",605488,2026,430,307,0.264,0.245,0.019,0.523,0.442,0.081,0.363,0.33,0.0329999999999999,6.08,4.58,1.502
"Cecconi, Slade",677944,2026,429,318,0.281,0.267,0.014,0.436,0.435,0.001,0.335,0.329,0.006,4.54,4.55,-0.005
"Warren, Will",701542,2026,429,295,0.262,0.26,0.002,0.439,0.415,0.024,0.331,0.325,0.006,4.03,4.42,-0.393
"Martinez, Nick",607259,2026,428,344,0.247,0.281,-0.034,0.397,0.444,-0.0469999999999999,0.296,0.333,-0.037,2.65,4.67,-2.021
"Nola, Aaron",605400,2026,425,291,0.279,0.247,0.032,0.501,0.428,0.073,0.357,0.318,0.0389999999999999,5.75,4.22,1.533
"Yamamoto, Yoshinobu",808967,2026,425,291,0.192,0.228,-0.036,0.319,0.359,-0.0399999999999999,0.249,0.28,-0.031,2.85,3.21,-0.364
"Woo, Bryan",693433,2026,424,299,0.232,0.24,-0.0079999999999999,0.353,0.388,-0.035,0.273,0.292,-0.0189999999999999,4.23,3.51,0.717
"Pallante, Andre",669467,2026,423,316,0.251,0.241,0.01,0.377,0.377,0.0,0.306,0.301,0.005,3.96,3.74,0.22
"Cameron, Noah",702070,2026,423,298,0.272,0.272,0.0,0.448,0.462,-0.014,0.336,0.341,-0.005,4.89,4.93,-0.038
"Burrows, Mike",681347,2026,423,309,0.292,0.263,0.0289999999999999,0.508,0.44,0.068,0.375,0.336,0.0389999999999999,5.99,4.77,1.219
"Misiorowski, Jacob",694819,2026,422,220,0.148,0.171,-0.023,0.231,0.248,-0.0169999999999999,0.208,0.224,-0.016,1.62,2.05,-0.428
"Chandler, Bubba",696149,2026,421,275,0.23,0.225,0.005,0.375,0.367,0.008,0.321,0.314,0.007,4.77,4.1,0.67
"Rea, Colin",607067,2026,417,304,0.273,0.279,-0.006,0.441,0.483,-0.0419999999999999,0.347,0.363,-0.016,4.75,5.7,-0.946
"Martin, Davis",663436,2026,417,290,0.259,0.269,-0.01,0.375,0.403,-0.028,0.308,0.323,-0.015,3.41,4.36,-0.951
"Burns, Chase",695505,2026,413,257,0.206,0.205,0.001,0.358,0.347,0.011,0.281,0.277,0.004,2.54,3.14,-0.598
"Webb, Logan",657277,2026,412,301,0.237,0.261,-0.024,0.35,0.386,-0.036,0.286,0.309,-0.023,3.86,3.96,-0.103
"Liberatore, Matthew",669461,2026,412,284,0.282,0.275,0.0069999999999999,0.471,0.462,0.0089999999999999,0.355,0.35,0.005,5.0,5.23,-0.234
"Roupp, Landen",694738,2026,411,262,0.234,0.226,0.008,0.366,0.32,0.0459999999999999,0.305,0.286,0.019,4.27,3.36,0.908
"Kelly, Merrill",518876,2026,411,311,0.282,0.306,-0.024,0.518,0.578,-0.0599999999999999,0.371,0.405,-0.034,5.38,7.44,-2.059
"Weathers, Ryan",677960,2026,409,270,0.249,0.253,-0.004,0.416,0.439,-0.023,0.313,0.324,-0.011,4.15,4.39,-0.243
"Kay, Anthony",641743,2026,403,281,0.257,0.268,-0.011,0.42,0.417,0.003,0.34,0.349,-0.0089999999999999,4.23,5.2,-0.969
"Sale, Chris",519242,2026,403,252,0.23,0.233,-0.003,0.325,0.348,-0.0229999999999999,0.279,0.289,-0.0099999999999999,2.2,3.43,-1.226
"Singer, Brady",663903,2026,402,287,0.28,0.273,0.007,0.501,0.478,0.023,0.368,0.358,0.01,4.72,5.51,-0.793
"Freeland, Kyle",607536,2026,402,300,0.319,0.295,0.024,0.559,0.497,0.062,0.39,0.359,0.031,7.36,5.55,1.814
"Cease, Dylan",656302,2026,401,206,0.19,0.194,-0.004,0.261,0.283,-0.0219999999999999,0.254,0.264,-0.01,2.56,2.84,-0.277
"deGrom, Jacob",594798,2026,401,257,0.212,0.231,-0.019,0.371,0.396,-0.025,0.271,0.289,-0.0179999999999999,3.49,3.43,0.057
"McGreevy, Michael",700241,2026,401,312,0.235,0.287,-0.0519999999999999,0.386,0.492,-0.1059999999999999,0.292,0.353,-0.061,3.01,5.34,-2.33
"Mikolas, Miles",571945,2026,399,329,0.282,0.28,0.0019999999999999,0.485,0.484,0.001,0.342,0.342,0.0,5.53,4.96,0.574
"Wrobleski, Justin",680736,2026,399,303,0.219,0.264,-0.045,0.323,0.416,-0.0929999999999999,0.26,0.314,-0.0539999999999999,2.69,4.1,-1.409
"Rasmussen, Drew",656876,2026,392,272,0.209,0.235,-0.0259999999999999,0.341,0.366,-0.0249999999999999,0.262,0.282,-0.0199999999999999,3.26,3.26,0.002
"Hancock, Emerson",676106,2026,390,267,0.209,0.251,-0.042,0.345,0.432,-0.087,0.271,0.321,-0.0499999999999999,3.17,4.3,-1.129
"Rocker, Kumar",677958,2026,390,273,0.254,0.265,-0.011,0.411,0.43,-0.019,0.323,0.334,-0.011,4.4,4.7,-0.3
"Castillo, Luis",622491,2026,390,275,0.264,0.259,0.005,0.436,0.432,0.004,0.332,0.328,0.004,4.93,4.51,0.418
"Early, Connelly",813349,2026,390,254,0.235,0.234,0.0009999999999999,0.401,0.409,-0.0079999999999999,0.319,0.321,-0.002,3.44,4.3,-0.864
"Fedde, Erick",607200,2026,390,290,0.262,0.261,0.001,0.435,0.423,0.012,0.335,0.331,0.004,4.15,4.61,-0.464
"May, Dustin",669160,2026,389,265,0.254,0.24,0.014,0.369,0.366,0.003,0.305,0.301,0.004,4.55,3.74,0.808
"Leahy, Kyle",681517,2026,388,274,0.269,0.275,-0.006,0.416,0.466,-0.05,0.334,0.353,-0.0189999999999999,3.73,5.34,-1.612
"Buehler, Walker",621111,2026,388,268,0.266,0.258,0.008,0.427,0.414,0.013,0.336,0.327,0.009,5.36,4.48,0.88
"Montero, Keider",672456,2026,387,298,0.212,0.236,-0.0239999999999999,0.344,0.389,-0.045,0.264,0.293,-0.0289999999999999,3.33,3.53,-0.201
"Littell, Zack",641793,2026,384,299,0.263,0.293,-0.0299999999999999,0.497,0.54,-0.043,0.347,0.381,-0.034,4.9,6.39,-1.49
"Rogers, Trevor",669432,2026,382,281,0.25,0.255,-0.005,0.405,0.411,-0.0059999999999999,0.314,0.32,-0.006,4.48,4.27,0.213
"Gray, Sonny",543243,2026,382,270,0.229,0.242,-0.0129999999999999,0.371,0.38,-0.009,0.288,0.296,-0.008,2.54,3.61,-1.07
"Peterson, David",656849,2026,382,272,0.292,0.283,0.009,0.446,0.432,0.014,0.354,0.352,0.002,6.45,5.3,1.149
"Suarez, Ranger",624133,2026,376,251,0.232,0.237,-0.0049999999999999,0.333,0.338,-0.005,0.276,0.283,-0.0069999999999999,3.15,3.28,-0.127
"Holmes, Grant",656550,2026,376,258,0.23,0.244,-0.0139999999999999,0.402,0.416,-0.0139999999999999,0.316,0.329,-0.013,3.61,4.55,-0.943
"Flaherty, Jack",656427,2026,371,226,0.239,0.236,0.003,0.406,0.39,0.016,0.326,0.321,0.005,4.48,4.3,0.182
"Vásquez, Randy",681190,2026,369,279,0.296,0.311,-0.015,0.504,0.56,-0.056,0.367,0.397,-0.03,4.71,7.07,-2.356
"Young, Brandon",687064,2026,363,263,0.255,0.255,0.0,0.394,0.405,-0.011,0.314,0.319,-0.005,3.42,4.24,-0.825
"Sugano, Tomoyuki",608372,2026,358,285,0.269,0.31,-0.0409999999999999,0.505,0.563,-0.0579999999999999,0.349,0.397,-0.048,4.8,7.07,-2.268
"Arrighetti, Spencer",681293,2026,356,220,0.219,0.246,-0.0269999999999999,0.37,0.41,-0.0399999999999999,0.321,0.349,-0.0279999999999999,4.5,5.2,-0.7
"Nelson, Ryne",669194,2026,355,265,0.249,0.261,-0.012,0.477,0.5,-0.023,0.336,0.349,-0.0129999999999999,4.97,5.2,-0.232
"Leiter, Jack",683004,2026,355,233,0.255,0.257,-0.002,0.439,0.43,0.009,0.34,0.337,0.003,5.29,4.8,0.487
"Wheeler, Zack",554430,2026,355,223,0.185,0.201,-0.016,0.312,0.311,0.001,0.245,0.254,-0.009,2.13,2.63,-0.501
"Ureña, Walbert",700712,2026,354,223,0.204,0.197,0.0069999999999999,0.298,0.29,0.008,0.287,0.283,0.004,2.88,3.28,-0.403
"Lambert, Peter",663567,2026,354,234,0.201,0.204,-0.0029999999999999,0.338,0.347,-0.0089999999999999,0.282,0.287,-0.005,3.14,3.38,-0.24
"McClanahan, Shane",663556,2026,354,241,0.214,0.242,-0.0279999999999999,0.314,0.399,-0.085,0.268,0.31,-0.0419999999999999,2.83,3.99,-1.164
"Houser, Adrian",605288,2026,354,268,0.268,0.268,0.0,0.47,0.46,0.0099999999999999,0.345,0.345,0.0,4.95,5.06,-0.11
"Sasaki, Roki",808963,2026,352,234,0.247,0.244,0.003,0.497,0.433,0.064,0.356,0.332,0.0239999999999999,5.33,4.64,0.693
"Sproat, Brandon",687075,2026,352,217,0.242,0.242,0.0,0.44,0.408,0.032,0.347,0.336,0.0109999999999999,5.16,4.77,0.389
"Sheehan, Emmet",686218,2026,350,226,0.241,0.23,0.0109999999999999,0.454,0.399,0.0549999999999999,0.329,0.306,0.023,4.81,3.88,0.93
"Pérez, Eury",691587,2026,349,214,0.208,0.215,-0.007,0.393,0.409,-0.0159999999999999,0.306,0.316,-0.01,3.78,4.16,-0.378
"Mlodzinski, Carmen",669387,2026,348,253,0.26,0.278,-0.018,0.378,0.426,-0.0479999999999999,0.311,0.337,-0.026,3.24,4.8,-1.564
"Civale, Aaron",650644,2026,341,257,0.314,0.276,0.0379999999999999,0.548,0.474,0.074,0.39,0.347,0.043,5.42,5.13,0.294
"Tolle, Payton",801139,2026,341,227,0.208,0.21,-0.002,0.346,0.337,0.0089999999999999,0.273,0.271,0.002,3.11,3.0,0.107
"Harrison, Kyle",690986,2026,341,216,0.221,0.223,-0.002,0.366,0.348,0.018,0.283,0.277,0.0059999999999999,3.01,3.14,-0.128
"Ohtani, Shohei",660271,2026,340,213,0.18,0.201,-0.021,0.262,0.288,-0.0259999999999999,0.239,0.257,-0.018,1.79,2.69,-0.904
"Corbin, Patrick",571578,2026,338,249,0.293,0.285,0.008,0.47,0.462,0.0079999999999999,0.358,0.354,0.004,5.07,5.37,-0.3
"Mahle, Tyler",641816,2026,337,232,0.274,0.251,0.023,0.455,0.399,0.0559999999999999,0.345,0.317,0.0279999999999999,5.31,4.19,1.118
"Soroka, Michael",647336,2026,333,232,0.233,0.249,-0.0159999999999999,0.359,0.408,-0.0489999999999999,0.284,0.309,-0.025,3.07,3.96,-0.887
"Pérez, Martín",527048,2026,333,237,0.221,0.261,-0.04,0.388,0.407,-0.0189999999999999,0.3,0.33,-0.03,3.54,4.58,-1.039
"Manaea, Sean",640455,2026,329,223,0.257,0.248,0.009,0.445,0.405,0.0399999999999999,0.336,0.318,0.018,4.56,4.22,0.34
"Lauer, Eric",641778,2026,325,248,0.245,0.256,-0.011,0.462,0.47,-0.0079999999999999,0.334,0.341,-0.007,4.81,4.93,-0.117
"Phillips, Tyler",663969,2026,324,230,0.242,0.263,-0.021,0.379,0.417,-0.0379999999999999,0.317,0.338,-0.021,3.48,4.83,-1.35
"Lowder, Rhett",695076,2026,317,219,0.26,0.27,-0.01,0.412,0.456,-0.044,0.337,0.357,-0.0199999999999999,4.91,5.48,-0.571
"Yesavage, Trey",702056,2026,311,201,0.182,0.196,-0.014,0.333,0.321,0.012,0.28,0.284,-0.0039999999999999,3.72,3.31,0.41
"Cabrera, Edward",665795,2026,309,213,0.262,0.263,-0.001,0.447,0.437,0.01,0.34,0.338,0.002,5.1,4.83,0.271
"Mize, Casey",663554,2026,304,208,0.209,0.221,-0.012,0.344,0.348,-0.004,0.263,0.274,-0.011,2.79,3.07,-0.277
"Ober, Bailey",641927,2026,300,227,0.238,0.243,-0.005,0.444,0.45,-0.006,0.319,0.322,-0.003,4.39,4.33,0.065
"Painter, Andrew",691725,2026,299,219,0.316,0.272,0.0439999999999999,0.526,0.464,0.062,0.388,0.348,0.04,7.06,5.16,1.902
"Patrick, Chad",694477,2026,297,209,0.23,0.249,-0.0189999999999999,0.385,0.407,-0.0219999999999999,0.299,0.315,-0.016,3.56,4.13,-0.571
"Skubal, Tarik",669373,2026,297,193,0.218,0.236,-0.0179999999999999,0.379,0.358,0.021,0.277,0.278,-0.001,3.09,3.16,-0.067
"Bello, Brayan",678394,2026,296,222,0.301,0.303,-0.002,0.477,0.509,-0.032,0.361,0.373,-0.012,6.06,6.08,-0.019
"Kochanowicz, Jack",686799,2026,296,208,0.259,0.273,-0.014,0.382,0.439,-0.0569999999999999,0.331,0.359,-0.0279999999999999,6.19,5.55,0.638
"Prielipp, Connor",687570,2026,294,192,0.258,0.235,0.023,0.41,0.407,0.003,0.326,0.318,0.008,5.0,4.22,0.775
"Drohan, Shane",675660,2026,292,203,0.24,0.231,0.0089999999999999,0.375,0.36,0.015,0.295,0.286,0.009,3.09,3.36,-0.274
"McDonald, Trevor",686790,2026,291,205,0.254,0.246,0.008,0.375,0.352,0.023,0.317,0.306,0.011,5.02,3.88,1.14
"Jax, Griffin",643377,2026,287,190,0.24,0.273,-0.033,0.413,0.473,-0.06,0.314,0.352,-0.0379999999999999,3.47,5.3,-1.829
"Taillon, Jameson",592791,2026,287,203,0.248,0.253,-0.005,0.508,0.519,-0.011,0.352,0.357,-0.005,5.19,5.48,-0.293
"Teng, Kai-Wei",678906,2026,280,182,0.241,0.248,-0.007,0.416,0.398,0.0179999999999999,0.334,0.33,0.004,4.36,4.58,-0.221
"Lodolo, Nick",666157,2026,279,193,0.277,0.292,-0.0149999999999999,0.447,0.466,-0.019,0.355,0.373,-0.018,4.6,6.08,-1.484
"Junk, Janson",676083,2026,276,209,0.267,0.25,0.017,0.435,0.403,0.0319999999999999,0.325,0.309,0.016,4.57,3.96,0.609
"Matthews, Zebby",805673,2026,275,201,0.253,0.253,0.0,0.462,0.458,0.004,0.332,0.33,0.002,4.57,4.58,-0.013
"Severino, Luis",622663,2026,271,173,0.258,0.231,0.0269999999999999,0.432,0.388,0.0439999999999999,0.345,0.318,0.0269999999999999,4.17,4.22,-0.055
"Seymour, Ian",693855,2026,270,167,0.216,0.216,0.0,0.403,0.371,0.032,0.299,0.291,0.008,4.59,3.48,1.113
"Paddack, Chris",663978,2026,267,206,0.314,0.28,0.0339999999999999,0.483,0.45,0.0329999999999999,0.369,0.342,0.0269999999999999,6.79,4.96,1.829
"Feltner, Ryan",663372,2026,267,195,0.24,0.26,-0.02,0.45,0.471,-0.0209999999999999,0.331,0.346,-0.0149999999999999,4.55,5.09,-0.543
"Brown, Ben",676962,2026,265,179,0.186,0.223,-0.037,0.248,0.335,-0.087,0.228,0.279,-0.051,1.85,3.19,-1.337
"Woods Richardson, Simeon",680573,2026,265,200,0.303,0.279,0.0239999999999999,0.496,0.467,0.0289999999999999,0.387,0.369,0.018,6.4,5.92,0.479
"Perkins, Jack",678022,2026,264,162,0.26,0.238,0.022,0.442,0.398,0.0439999999999999,0.343,0.318,0.025,6.87,4.22,2.647
"Agnos, Zach",688642,2026,263,198,0.286,0.285,0.001,0.481,0.467,0.0139999999999999,0.358,0.358,0.0,6.48,5.51,0.97
"Lopez, Jacob",682052,2026,262,185,0.293,0.229,0.0639999999999999,0.495,0.351,0.144,0.38,0.306,0.074,6.83,3.88,2.951
"Bassitt, Chris",605135,2026,261,194,0.307,0.284,0.023,0.447,0.407,0.04,0.366,0.344,0.022,5.27,5.03,0.242
"López, Reynaldo",625643,2026,260,179,0.228,0.252,-0.0239999999999999,0.392,0.417,-0.0249999999999999,0.308,0.327,-0.019,3.5,4.48,-0.977
"Blubaugh, AJ",805123,2026,254,163,0.214,0.221,-0.007,0.363,0.372,-0.009,0.297,0.312,-0.015,3.75,4.04,-0.29
"Avila, Luinder",679883,2026,248,163,0.276,0.243,0.033,0.438,0.403,0.0349999999999999,0.36,0.338,0.0219999999999999,5.08,4.83,0.252
"Lord, Brad",695418,2026,248,169,0.227,0.246,-0.0189999999999999,0.345,0.393,-0.048,0.291,0.316,-0.025,3.88,4.16,-0.281
"Canning, Griffin",656288,2026,247,160,0.278,0.248,0.03,0.434,0.405,0.0289999999999999,0.356,0.333,0.0229999999999999,6.47,4.67,1.797
"Ashby, Aaron",676879,2026,245,139,0.241,0.206,0.035,0.344,0.3,0.0439999999999999,0.306,0.276,0.0299999999999999,3.56,3.12,0.437
"Assad, Javier",665871,2026,244,191,0.24,0.272,-0.032,0.431,0.453,-0.022,0.313,0.336,-0.023,4.11,4.77,-0.661
"Anderson, Drew",623454,2026,243,148,0.242,0.206,0.036,0.419,0.334,0.0849999999999999,0.323,0.28,0.0429999999999999,4.18,3.21,0.969
"Miles, Spencer",693686,2026,243,167,0.211,0.235,-0.0239999999999999,0.283,0.34,-0.057,0.253,0.283,-0.0299999999999999,2.85,3.28,-0.43
"Fried, Max",608331,2026,240,169,0.199,0.205,-0.0059999999999999,0.255,0.269,-0.014,0.241,0.253,-0.012,3.21,2.61,0.601
"Imai, Tatsuya",837227,2026,233,133,0.232,0.235,-0.0029999999999999,0.397,0.42,-0.0229999999999999,0.337,0.345,-0.0079999999999999,6.06,5.06,0.998
"Scott, Christian",681035,2026,233,137,0.218,0.239,-0.0209999999999999,0.366,0.395,-0.029,0.311,0.328,-0.017,3.17,4.51,-1.343
"Schultz, Noah",702273,2026,231,149,0.224,0.263,-0.039,0.422,0.468,-0.046,0.339,0.371,-0.0319999999999999,5.6,6.0,-0.396
"Pfaadt, Brandon",694297,2026,231,169,0.256,0.248,0.008,0.435,0.425,0.01,0.329,0.325,0.004,4.7,4.42,0.276
"Matz, Steven",571927,2026,230,169,0.266,0.29,-0.0239999999999999,0.493,0.5,-0.007,0.351,0.366,-0.015,6.28,5.81,0.473
"Ramírez, Yohan",670990,2026,228,129,0.203,0.222,-0.0189999999999999,0.332,0.319,0.013,0.301,0.304,-0.003,3.31,3.82,-0.51
"Irvin, Jake",663623,2026,228,142,0.241,0.248,-0.007,0.397,0.457,-0.06,0.326,0.349,-0.0229999999999999,5.23,5.2,0.026
"Gordon, Tanner",685299,2026,228,168,0.33,0.267,0.063,0.604,0.489,0.1149999999999999,0.411,0.34,0.0709999999999999,6.44,4.9,1.537
"Kolek, Stephen",663568,2026,224,176,0.262,0.263,-0.001,0.448,0.38,0.068,0.328,0.303,0.025,4.5,3.79,0.71
"Suter, Brent",608718,2026,223,160,0.273,0.266,0.007,0.429,0.398,0.0309999999999999,0.328,0.314,0.014,4.64,4.1,0.543
"Suarez, José",660761,2026,222,142,0.278,0.246,0.032,0.392,0.316,0.076,0.334,0.294,0.04,4.29,3.56,0.731
"Ritchie, JR",702275,2026,216,138,0.215,0.234,-0.019,0.365,0.382,-0.017,0.317,0.33,-0.013,4.38,4.58,-0.202
"Newcomb, Sean",656794,2026,216,141,0.203,0.245,-0.0419999999999999,0.302,0.342,-0.04,0.265,0.298,-0.0329999999999999,2.52,3.66,-1.144
"Holmes, Clay",605280,2026,215,150,0.206,0.251,-0.045,0.294,0.366,-0.072,0.258,0.306,-0.0479999999999999,2.39,3.88,-1.488
"Miller, Bryce",682243,2026,215,141,0.19,0.19,0.0,0.346,0.319,0.0269999999999999,0.246,0.236,0.01,2.19,2.27,-0.085
"Alvarez, Andrew",674841,2026,212,135,0.263,0.258,0.005,0.387,0.377,0.01,0.325,0.321,0.004,4.04,4.3,-0.259
"Bruihl, Justin",677865,2026,210,152,0.26,0.26,0.0,0.35,0.354,-0.004,0.313,0.321,-0.008,3.66,4.3,-0.636
"Watson, Ryan",670245,2026,210,151,0.247,0.285,-0.0379999999999999,0.43,0.507,-0.077,0.329,0.375,-0.0459999999999999,4.62,6.15,-1.527
"Cole, Gerrit",543037,2026,207,146,0.249,0.24,0.009,0.446,0.379,0.067,0.319,0.291,0.028,4.04,3.48,0.561
"Bubic, Kris",663460,2026,207,129,0.2,0.24,-0.0399999999999999,0.322,0.395,-0.073,0.286,0.327,-0.041,4.11,4.48,-0.367
"Bachar, Lake",669199,2026,206,128,0.193,0.196,-0.003,0.32,0.332,-0.012,0.27,0.279,-0.009,3.58,3.19,0.386
"Morejon, Adrian",670970,2026,204,132,0.228,0.213,0.015,0.307,0.291,0.016,0.259,0.247,0.012,3.42,2.49,0.93
"Jump, Gage",695611,2026,204,138,0.264,0.257,0.007,0.39,0.389,0.001,0.312,0.309,0.003,3.51,3.96,-0.446
"Senzatela, Antonio",622608,2026,202,143,0.24,0.245,-0.005,0.344,0.358,-0.014,0.285,0.291,-0.006,3.31,3.48,-0.174
"Gasser, Robert",688107,2026,201,139,0.25,0.23,0.0199999999999999,0.489,0.386,0.1029999999999999,0.349,0.304,0.0449999999999999,5.25,3.82,1.425
"Marinaccio, Ron",676760,2026,199,141,0.275,0.262,0.013,0.483,0.432,0.0509999999999999,0.364,0.339,0.0249999999999999,4.89,4.86,0.031
"Peralta, Wandy",593974,2026,198,146,0.243,0.255,-0.012,0.345,0.365,-0.02,0.3,0.311,-0.011,2.23,4.02,-1.786
"Taylor, Grant",691799,2026,198,114,0.201,0.184,0.017,0.313,0.276,0.0369999999999999,0.26,0.243,0.017,2.79,2.41,0.383
"Myers, Tobias",668964,2026,198,152,0.279,0.277,0.002,0.519,0.439,0.08,0.359,0.332,0.0269999999999999,6.26,4.64,1.621
"Boyd, Matthew",571510,2026,196,132,0.257,0.268,-0.011,0.397,0.451,-0.0539999999999999,0.318,0.34,-0.022,4.5,4.9,-0.4
"Morris, Andrew",702193,2026,194,130,0.251,0.219,0.032,0.326,0.315,0.011,0.284,0.268,0.0159999999999999,3.33,2.93,0.396
"Rodón, Carlos",607074,2026,194,115,0.195,0.212,-0.0169999999999999,0.305,0.324,-0.019,0.281,0.297,-0.0159999999999999,3.3,3.64,-0.338
"Blackburn, Paul",621112,2026,193,140,0.215,0.233,-0.018,0.305,0.362,-0.0569999999999999,0.265,0.291,-0.0259999999999999,2.22,3.48,-1.261
"Quantrill, Cal",615698,2026,193,147,0.23,0.249,-0.0189999999999999,0.362,0.444,-0.082,0.294,0.33,-0.036,3.11,4.58,-1.472
"Harris, Hogan",663687,2026,193,106,0.236,0.197,0.0389999999999999,0.36,0.301,0.059,0.324,0.288,0.036,3.43,3.41,0.019
"Burke, Brock",656271,2026,192,125,0.216,0.241,-0.0249999999999999,0.37,0.395,-0.025,0.306,0.328,-0.022,3.02,4.51,-1.488
"Headrick, Brent",687396,2026,192,122,0.221,0.217,0.004,0.314,0.322,-0.008,0.271,0.271,0.0,1.55,3.0,-1.446
"Zeferjahn, Ryan",666171,2026,191,92,0.151,0.164,-0.013,0.276,0.273,0.003,0.276,0.282,-0.0059999999999999,3.89,3.26,0.626
"Mejia, Juan",675848,2026,191,123,0.267,0.249,0.018,0.37,0.372,-0.002,0.325,0.317,0.008,5.74,4.19,1.55
"Varland, Louis",686973,2026,190,110,0.199,0.19,0.009,0.244,0.252,-0.008,0.225,0.223,0.002,1.1,2.04,-0.938
"Fisher, Braydon",680755,2026,189,117,0.196,0.214,-0.0179999999999999,0.344,0.357,-0.013,0.285,0.304,-0.019,3.45,3.82,-0.373
"Dollander, Chase",801403,2026,189,121,0.238,0.217,0.0209999999999999,0.409,0.387,0.0219999999999999,0.32,0.307,0.013,3.89,3.9,-0.014
"Melton, Troy",675512,2026,189,135,0.166,0.216,-0.0499999999999999,0.326,0.339,-0.013,0.241,0.269,-0.028,1.82,2.96,-1.136
"Orze, Eric",679358,2026,189,130,0.264,0.253,0.011,0.377,0.367,0.01,0.318,0.313,0.005,5.66,4.07,1.591
"Gómez, Yoendrys",672782,2026,188,127,0.215,0.246,-0.031,0.368,0.453,-0.085,0.299,0.345,-0.0459999999999999,3.5,5.06,-1.556
"Medina, Luis",665622,2026,188,112,0.25,0.226,0.0239999999999999,0.388,0.377,0.011,0.326,0.314,0.012,3.59,4.1,-0.514
"Brubaker, JT",664141,2026,187,134,0.202,0.254,-0.0519999999999999,0.331,0.427,-0.0959999999999999,0.274,0.329,-0.0549999999999999,2.87,4.55,-1.678
"Romero, JoJo",668941,2026,186,123,0.244,0.262,-0.018,0.384,0.433,-0.0489999999999999,0.313,0.337,-0.024,3.35,4.8,-1.451
"Svanson, Matt",694335,2026,185,124,0.284,0.289,-0.005,0.438,0.461,-0.023,0.352,0.362,-0.01,6.58,5.66,0.92
"Brazobán, Huascar",623211,2026,184,118,0.181,0.205,-0.0239999999999999,0.287,0.283,0.004,0.258,0.267,-0.009,2.76,2.91,-0.151
"King, Bryan",687911,2026,184,131,0.248,0.253,-0.005,0.366,0.367,-0.001,0.309,0.312,-0.003,2.93,4.04,-1.11
"Senga, Kodai",673540,2026,184,108,0.273,0.239,0.034,0.545,0.426,0.119,0.401,0.348,0.053,8.7,5.16,3.535
"Hoffman, Jeff",656546,2026,184,101,0.264,0.204,0.06,0.399,0.313,0.086,0.317,0.274,0.0429999999999999,4.57,3.07,1.503
"Bennett, Jake",687562,2026,182,138,0.219,0.223,-0.004,0.296,0.358,-0.062,0.242,0.268,-0.026,2.64,2.93,-0.287
"Graceffo, Gordon",700669,2026,182,135,0.179,0.268,-0.089,0.308,0.49,-0.182,0.265,0.364,-0.0989999999999999,2.91,5.73,-2.816
"Márquez, Germán",608566,2026,181,132,0.266,0.266,0.0,0.513,0.477,0.036,0.37,0.362,0.008,5.18,5.66,-0.476
"Quintana, Jose",500779,2026,181,143,0.288,0.275,0.0129999999999999,0.5,0.441,0.059,0.363,0.343,0.0199999999999999,5.27,4.99,0.278
"Smith, Cade",671922,2026,181,106,0.229,0.221,0.008,0.355,0.379,-0.024,0.275,0.286,-0.0109999999999999,2.84,3.36,-0.518
"Rogers, Tyler",643511,2026,180,144,0.22,0.236,-0.0159999999999999,0.262,0.3,-0.0379999999999999,0.235,0.258,-0.023,1.65,2.71,-1.061
"Santana, Dennis",642701,2026,180,120,0.244,0.253,-0.009,0.455,0.436,0.019,0.345,0.341,0.0039999999999999,5.8,4.93,0.872
"Faucher, Calvin",676534,2026,179,109,0.233,0.249,-0.0159999999999999,0.281,0.35,-0.0689999999999999,0.301,0.329,-0.028,4.31,4.55,-0.239
"De Los Santos, Enyel",660853,2026,179,129,0.24,0.241,-0.001,0.389,0.394,-0.005,0.292,0.294,-0.002,4.33,3.56,0.768
"Parker, Mitchell",680730,2026,178,129,0.289,0.272,0.0169999999999999,0.503,0.462,0.0409999999999999,0.37,0.347,0.023,6.58,5.13,1.45
"Okert, Steven",595345,2026,177,116,0.168,0.183,-0.0149999999999999,0.292,0.315,-0.023,0.235,0.251,-0.016,2.31,2.57,-0.256
"Finnegan, Kyle",640448,2026,177,120,0.252,0.229,0.0229999999999999,0.404,0.362,0.042,0.34,0.317,0.023,2.13,4.19,-2.064
"Sulser, Cole",642121,2026,177,121,0.28,0.263,0.017,0.466,0.485,-0.0189999999999999,0.339,0.339,0.0,5.53,4.86,0.673
"Wells, Tyler",669330,2026,177,120,0.221,0.225,-0.004,0.38,0.39,-0.01,0.282,0.289,-0.007,3.02,3.43,-0.408
"Holton, Tyler",663947,2026,177,130,0.28,0.26,0.02,0.433,0.371,0.062,0.334,0.302,0.032,3.21,3.77,-0.556
"Webb, Jacob",657097,2026,177,113,0.233,0.245,-0.0119999999999999,0.358,0.394,-0.036,0.292,0.313,-0.021,3.05,4.07,-1.022
"Sterner, Justin",686993,2026,177,126,0.258,0.221,0.037,0.491,0.396,0.0949999999999999,0.336,0.286,0.05,4.89,3.36,1.53
"Lawrence, Justin",664875,2026,177,100,0.275,0.267,0.008,0.549,0.455,0.094,0.413,0.38,0.0329999999999999,7.34,6.35,0.99
"Bachman, Sam",696147,2026,175,111,0.216,0.212,0.004,0.379,0.319,0.06,0.31,0.289,0.021,4.14,3.43,0.707
"Ferrer, José A.",678606,2026,174,126,0.278,0.226,0.052,0.373,0.341,0.0319999999999999,0.318,0.281,0.0369999999999999,2.95,3.23,-0.28
"Hudson, Bryan",663542,2026,174,114,0.25,0.236,0.014,0.299,0.324,-0.025,0.286,0.291,-0.005,2.19,3.48,-1.285
"Woodruff, Brandon",605540,2026,174,116,0.174,0.2,-0.026,0.304,0.358,-0.0539999999999999,0.231,0.263,-0.032,2.98,2.82,0.158
"Mayza, Tim",641835,2026,173,119,0.225,0.234,-0.009,0.362,0.372,-0.01,0.278,0.285,-0.0069999999999999,3.59,3.33,0.256
"McCullers Jr., Lance",621121,2026,172,105,0.257,0.238,0.019,0.486,0.391,0.0949999999999999,0.369,0.329,0.0399999999999999,6.86,4.55,2.314
"Alexander, Tyler",641302,2026,172,120,0.265,0.23,0.035,0.342,0.32,0.022,0.299,0.274,0.0249999999999999,2.21,3.07,-0.857
"Lange, Alex",656638,2026,171,107,0.252,0.246,0.006,0.371,0.395,-0.024,0.336,0.34,-0.004,5.92,4.9,1.021
"Farris, Mitch",815083,2026,171,112,0.276,0.278,-0.002,0.487,0.473,0.014,0.368,0.362,0.006,3.79,5.66,-1.867
"Moll, Sam",594580,2026,171,102,0.22,0.217,0.003,0.34,0.342,-0.002,0.303,0.316,-0.013,4.19,4.16,0.03
"Bazardo, Eduard",660825,2026,170,116,0.252,0.25,0.002,0.371,0.382,-0.011,0.296,0.308,-0.012,2.4,3.93,-1.535
"Festa, Matt",670036,2026,169,116,0.263,0.254,0.009,0.441,0.427,0.014,0.334,0.328,0.006,3.99,4.51,-0.519
"Kelly, Kevin",687330,2026,168,126,0.21,0.284,-0.0739999999999999,0.312,0.411,-0.0989999999999999,0.25,0.321,-0.071,2.44,4.3,-1.864
"Bernardino, Brennan",657514,2026,168,126,0.255,0.275,-0.02,0.362,0.393,-0.031,0.299,0.318,-0.019,2.98,4.22,-1.245
"Soriano, George",666277,2026,167,115,0.197,0.219,-0.0219999999999999,0.34,0.397,-0.0569999999999999,0.271,0.31,-0.0389999999999999,3.32,3.99,-0.67
"Legumina, Casey",668984,2026,167,123,0.274,0.283,-0.0089999999999999,0.425,0.453,-0.028,0.33,0.347,-0.0169999999999999,3.89,5.13,-1.24
"Kilian, Caleb",668873,2026,167,100,0.24,0.224,0.0159999999999999,0.356,0.363,-0.007,0.302,0.296,0.006,4.74,3.61,1.127
"Fluharty, Mason",689254,2026,167,105,0.272,0.201,0.071,0.408,0.334,0.0739999999999999,0.332,0.273,0.059,4.54,3.05,1.49
"Cruz, Fernando",518585,2026,167,93,0.191,0.178,0.013,0.277,0.287,-0.0099999999999999,0.269,0.266,0.003,2.25,2.89,-0.64
"Suárez, Albert",544150,2026,167,126,0.235,0.256,-0.021,0.451,0.436,0.015,0.321,0.328,-0.007,3.54,4.51,-0.969
"Rodriguez, Bradgley",699134,2026,167,116,0.207,0.188,0.0189999999999999,0.3,0.272,0.0279999999999999,0.255,0.237,0.018,2.23,2.29,-0.059
"Anderson, Grant",681982,2026,166,117,0.216,0.217,-0.001,0.419,0.344,0.075,0.306,0.281,0.0249999999999999,3.61,3.23,0.384
"Bednar, David",670280,2026,165,106,0.213,0.215,-0.002,0.307,0.3,0.007,0.261,0.262,-0.001,2.7,2.8,-0.1
"Erceg, Lucas",668674,2026,165,114,0.277,0.246,0.031,0.433,0.347,0.086,0.363,0.321,0.0419999999999999,5.11,4.3,0.808
"Strider, Spencer",675911,2026,165,98,0.232,0.188,0.044,0.5,0.359,0.141,0.354,0.291,0.063,5.31,3.48,1.828
"O'Brien, Riley",676617,2026,165,106,0.218,0.245,-0.0269999999999999,0.289,0.374,-0.085,0.28,0.323,-0.0429999999999999,3.43,4.36,-0.928
"Scholtens, Jesse",669947,2026,164,120,0.248,0.271,-0.023,0.477,0.466,0.0109999999999999,0.337,0.346,-0.0089999999999999,3.82,5.09,-1.267
"Soto, Gregory",642397,2026,163,99,0.182,0.207,-0.0249999999999999,0.329,0.326,0.003,0.274,0.284,-0.0099999999999999,4.05,3.31,0.74
"Petersen, Michael",656848,2026,163,98,0.178,0.191,-0.013,0.322,0.378,-0.0559999999999999,0.261,0.286,-0.0249999999999999,3.07,3.36,-0.287
"Stanek, Ryne",592773,2026,163,100,0.243,0.222,0.0209999999999999,0.4,0.376,0.024,0.331,0.312,0.019,4.66,4.04,0.624
"Latz, Jacob",656641,2026,163,106,0.126,0.187,-0.061,0.232,0.322,-0.09,0.182,0.249,-0.067,1.61,2.53,-0.918
"Alvarado, José",621237,2026,161,94,0.307,0.233,0.0739999999999999,0.464,0.344,0.12,0.375,0.3,0.075,6.82,3.71,3.108
"Klein, Will",694361,2026,161,100,0.245,0.231,0.0139999999999999,0.308,0.302,0.006,0.288,0.279,0.0089999999999999,2.41,3.19,-0.779
"Nunez, Anthony",689296,2026,161,105,0.238,0.235,0.003,0.406,0.406,0.0,0.311,0.309,0.002,5.06,3.96,1.103
"Gibson, Trey",694346,2026,161,105,0.284,0.291,-0.007,0.478,0.487,-0.009,0.385,0.391,-0.006,7.36,6.81,0.554
"Yarbrough, Ryan",642232,2026,159,113,0.209,0.211,-0.002,0.338,0.304,0.034,0.288,0.276,0.0119999999999999,4.13,3.12,1.015
"Pérez, Cionel",672335,2026,159,111,0.28,0.276,0.004,0.441,0.499,-0.0579999999999999,0.35,0.366,-0.016,5.75,5.81,-0.06
"Clarke, Taylor",664199,2026,158,124,0.189,0.254,-0.065,0.322,0.445,-0.123,0.245,0.325,-0.08,2.59,4.42,-1.828
"Montgomery, Mason",682254,2026,158,86,0.221,0.207,0.014,0.357,0.328,0.0289999999999999,0.295,0.28,0.0149999999999999,4.13,3.21,0.925
"Kerkering, Orion",689147,2026,158,94,0.172,0.174,-0.002,0.299,0.274,0.0249999999999999,0.274,0.267,0.007,2.43,2.91,-0.478
"Garcia, Rico",670329,2026,157,101,0.153,0.209,-0.0559999999999999,0.299,0.352,-0.0529999999999999,0.23,0.274,-0.044,2.61,3.07,-0.457
"Weissert, Greg",669711,2026,157,108,0.232,0.217,0.015,0.387,0.357,0.03,0.298,0.284,0.014,3.82,3.31,0.513
"Doval, Camilo",666808,2026,157,109,0.266,0.221,0.045,0.439,0.338,0.1009999999999999,0.324,0.276,0.0479999999999999,5.09,3.12,1.974
"Warren, Austin",681810,2026,157,99,0.252,0.261,-0.009,0.444,0.435,0.009,0.349,0.35,-0.001,4.63,5.23,-0.601
"Kuhnel, Joel",669270,2026,157,119,0.288,0.297,-0.009,0.468,0.441,0.027,0.357,0.355,0.002,4.84,5.41,-0.57
"Banda, Anthony",607455,2026,156,100,0.235,0.233,0.0019999999999999,0.402,0.374,0.028,0.334,0.325,0.009,4.46,4.42,0.036
"Silseth, Chase",681217,2026,156,90,0.227,0.213,0.014,0.341,0.36,-0.0189999999999999,0.301,0.3,0.001,3.03,3.71,-0.682
"Fuentes, Didier",800311,2026,156,98,0.237,0.225,0.0119999999999999,0.302,0.318,-0.016,0.273,0.275,-0.002,2.65,3.09,-0.438
"Lee, Dylan",669276,2026,156,96,0.143,0.176,-0.033,0.224,0.252,-0.0279999999999999,0.18,0.211,-0.031,1.47,1.83,-0.365
"Rogers, Taylor",573124,2026,154,108,0.304,0.257,0.0469999999999999,0.444,0.388,0.0559999999999999,0.359,0.326,0.0329999999999999,5.61,4.45,1.164
"Lynch IV, Daniel",663738,2026,154,107,0.173,0.223,-0.05,0.281,0.35,-0.0689999999999999,0.239,0.285,-0.0459999999999999,2.35,3.33,-0.982
"Morán, Jovani",663558,2026,153,88,0.152,0.178,-0.0259999999999999,0.295,0.308,-0.013,0.248,0.263,-0.015,2.82,2.82,-0.003
"Barlow, Scott",605130,2026,153,97,0.21,0.236,-0.0259999999999999,0.435,0.448,-0.013,0.341,0.359,-0.0179999999999999,6.48,5.55,0.93
"Morillo, Juan",666661,2026,153,92,0.194,0.18,0.014,0.291,0.269,0.0219999999999999,0.255,0.242,0.013,2.89,2.39,0.503
"Brown, Hunter",686613,2026,153,90,0.211,0.199,0.0119999999999999,0.359,0.339,0.0199999999999999,0.314,0.302,0.012,3.57,3.77,-0.204
"Henriquez, Edgardo",683618,2026,153,98,0.165,0.176,-0.0109999999999999,0.248,0.249,-0.001,0.241,0.246,-0.005,2.29,2.47,-0.182
"Poulin, PJ",676571,2026,153,106,0.206,0.256,-0.05,0.351,0.441,-0.09,0.302,0.353,-0.0509999999999999,2.7,5.34,-2.64
"Uribe, Abner",682842,2026,152,102,0.185,0.222,-0.037,0.267,0.295,-0.0279999999999999,0.24,0.266,-0.026,2.56,2.89,-0.33
"Dreyer, Jack",676263,2026,152,97,0.201,0.22,-0.0189999999999999,0.36,0.359,0.001,0.268,0.275,-0.007,3.03,3.09,-0.064
"Sisk, Evan",681895,2026,152,90,0.231,0.192,0.039,0.338,0.279,0.059,0.303,0.265,0.0379999999999999,2.23,2.87,-0.641
"Aldegheri, Sam",691951,2026,151,111,0.238,0.271,-0.033,0.4,0.45,-0.0499999999999999,0.319,0.355,-0.0359999999999999,5.08,5.41,-0.331
"Ginkel, Kevin",656464,2026,151,100,0.223,0.229,-0.006,0.374,0.379,-0.005,0.283,0.291,-0.008,2.84,3.48,-0.638
"Schreiber, John",670167,2026,151,108,0.256,0.265,-0.009,0.444,0.431,0.013,0.328,0.326,0.002,3.47,4.45,-0.982
"Ragans, Cole",666142,2026,151,83,0.213,0.218,-0.005,0.488,0.452,0.0359999999999999,0.354,0.344,0.01,4.84,5.03,-0.19
"Weaver, Luke",596133,2026,150,95,0.154,0.197,-0.043,0.228,0.325,-0.097,0.204,0.257,-0.053,1.85,2.69,-0.844
"Milner, Hoby",571948,2026,149,119,0.256,0.296,-0.0399999999999999,0.398,0.451,-0.0529999999999999,0.31,0.351,-0.0409999999999999,3.53,5.27,-1.737
"Miller, Mason",695243,2026,149,63,0.134,0.126,0.008,0.134,0.167,-0.033,0.173,0.181,-0.008,0.91,1.38,-0.472
"King, John",667463,2026,149,105,0.149,0.209,-0.06,0.269,0.363,-0.0939999999999999,0.224,0.283,-0.0589999999999999,2.48,3.28,-0.805
"Williams, Devin",642207,2026,149,86,0.273,0.221,0.052,0.414,0.32,0.0939999999999999,0.346,0.29,0.0559999999999999,4.83,3.46,1.372
"Johnson, Ryan",696270,2026,149,110,0.28,0.264,0.016,0.515,0.46,0.0549999999999999,0.366,0.342,0.0239999999999999,6.75,4.96,1.79
"Raley, Brooks",548384,2026,148,96,0.211,0.224,-0.013,0.336,0.351,-0.0149999999999999,0.28,0.296,-0.0159999999999999,2.04,3.61,-1.572
"Muñoz, Andrés",662253,2026,148,81,0.221,0.225,-0.004,0.336,0.354,-0.0179999999999999,0.289,0.3,-0.011,4.19,3.71,0.484
"Hill, Tim",657612,2026,148,120,0.244,0.264,-0.02,0.422,0.447,-0.025,0.313,0.331,-0.018,4.5,4.61,-0.11
"Glasnow, Tyler",607192,2026,148,86,0.149,0.18,-0.031,0.313,0.324,-0.011,0.235,0.252,-0.017,2.72,2.59,0.133
"Varland, Gus",681402,2026,148,103,0.318,0.293,0.025,0.566,0.551,0.0149999999999999,0.399,0.387,0.012,6.25,6.64,-0.387
"Gray, Peyton",682608,2026,147,96,0.223,0.229,-0.006,0.331,0.335,-0.004,0.271,0.28,-0.009,3.48,3.21,0.265
"Thompson, Ryan",657044,2026,147,109,0.256,0.257,-0.001,0.368,0.348,0.02,0.298,0.291,0.007,2.88,3.48,-0.597
"Banks, Tanner",621383,2026,146,101,0.344,0.262,0.0819999999999999,0.595,0.419,0.176,0.423,0.323,0.0999999999999999,7.14,4.36,2.778
"Lovelady, Richard",663992,2026,146,95,0.286,0.282,0.004,0.445,0.422,0.023,0.371,0.361,0.01,3.86,5.62,-1.763
"Rodriguez, Grayson",680570,2026,146,104,0.304,0.31,-0.006,0.528,0.531,-0.003,0.388,0.394,-0.006,7.55,6.94,0.608
"Winn, Cole",668390,2026,146,102,0.256,0.27,-0.014,0.444,0.43,0.014,0.324,0.329,-0.005,5.94,4.55,1.39
"Megill, Trevor",656730,2026,145,88,0.191,0.19,0.001,0.244,0.308,-0.064,0.224,0.247,-0.0229999999999999,3.0,2.49,0.51
"Loáisiga, Jonathan",642528,2026,145,110,0.221,0.229,-0.008,0.29,0.335,-0.045,0.242,0.271,-0.029,2.17,3.0,-0.83
"Jones, Jared",683003,2026,144,94,0.22,0.225,-0.005,0.402,0.388,0.014,0.298,0.295,0.003,4.37,3.58,0.791
"Scott, Tanner",656945,2026,144,88,0.184,0.219,-0.035,0.301,0.338,-0.037,0.226,0.255,-0.0289999999999999,2.56,2.65,-0.09
"Nance, Tommy",667297,2026,144,95,0.24,0.253,-0.013,0.372,0.409,-0.0369999999999999,0.299,0.317,-0.018,3.97,4.19,-0.219
"Junis, Jakob",596001,2026,143,107,0.224,0.263,-0.039,0.306,0.386,-0.08,0.257,0.303,-0.0459999999999999,2.8,3.79,-0.988
"Schultz, Paxton",687606,2026,143,99,0.305,0.264,0.0409999999999999,0.477,0.449,0.0279999999999999,0.362,0.335,0.0269999999999999,5.87,4.73,1.14
"Rolison, Ryan",669020,2026,143,90,0.234,0.237,-0.0029999999999999,0.355,0.369,-0.014,0.306,0.315,-0.009,2.8,4.13,-1.328
"Strahm, Matt",621381,2026,142,102,0.268,0.226,0.042,0.535,0.394,0.141,0.376,0.307,0.069,7.18,3.9,3.281
"Abreu, Bryan",650556,2026,142,73,0.234,0.211,0.023,0.477,0.38,0.0969999999999999,0.384,0.344,0.04,5.81,5.03,0.776
"Richards, Trevor",670950,2026,142,96,0.191,0.22,-0.0289999999999999,0.374,0.401,-0.027,0.275,0.297,-0.0219999999999999,3.31,3.64,-0.329
"Domínguez, Seranthony",622554,2026,142,80,0.202,0.241,-0.0389999999999999,0.361,0.416,-0.0549999999999999,0.307,0.345,-0.0379999999999999,4.41,5.06,-0.652
"Kikuchi, Yusei",579328,2026,142,94,0.282,0.258,0.0239999999999999,0.444,0.446,-0.002,0.346,0.34,0.0059999999999999,5.81,4.9,0.906
"Matsui, Yuki",673513,2026,141,83,0.204,0.191,0.0129999999999999,0.398,0.381,0.017,0.313,0.313,0.0,2.73,4.07,-1.343
"Baker, Bryan",641329,2026,140,87,0.15,0.185,-0.035,0.244,0.279,-0.035,0.213,0.246,-0.033,1.73,2.47,-0.736
"Bender, Anthony",669622,2026,140,84,0.169,0.194,-0.0249999999999999,0.226,0.284,-0.0579999999999999,0.224,0.254,-0.03,2.62,2.63,-0.009
"Herrin, Tim",682120,2026,139,89,0.211,0.207,0.004,0.376,0.368,0.008,0.306,0.318,-0.012,3.06,4.22,-1.158
"Leiter Jr., Mark",643410,2026,138,89,0.258,0.27,-0.012,0.347,0.369,-0.022,0.3,0.314,-0.014,4.41,4.1,0.308
"Giolito, Lucas",608337,2026,138,96,0.281,0.262,0.019,0.412,0.406,0.0059999999999999,0.37,0.358,0.012,5.16,5.51,-0.353
"Holderman, Colin",670059,2026,138,85,0.153,0.203,-0.05,0.202,0.323,-0.121,0.21,0.274,-0.064,1.78,3.07,-1.287
"Crochet, Garrett",676979,2026,138,86,0.27,0.262,0.008,0.467,0.442,0.025,0.358,0.344,0.014,6.3,5.03,1.27
"Hart, Kyle",606996,2026,137,95,0.202,0.223,-0.0209999999999999,0.395,0.383,0.012,0.295,0.303,-0.008,5.08,3.79,1.289
"Kinley, Tyler",641755,2026,137,88,0.22,0.187,0.033,0.398,0.329,0.069,0.305,0.265,0.0399999999999999,3.48,2.87,0.605
"Gaddis, Hunter",683769,2026,135,96,0.26,0.265,-0.005,0.358,0.397,-0.039,0.297,0.312,-0.015,2.64,4.04,-1.399
"Keller, Brad",641745,2026,135,88,0.246,0.226,0.0199999999999999,0.364,0.313,0.0509999999999999,0.309,0.284,0.025,4.02,3.31,0.711
"Hurt, Kyle",669165,2026,135,80,0.239,0.221,0.0179999999999999,0.35,0.333,0.0169999999999999,0.309,0.293,0.016,4.88,3.53,1.353
"Santillan, Tony",663574,2026,134,92,0.248,0.253,-0.005,0.496,0.476,0.02,0.354,0.348,0.006,5.23,5.16,0.066
"Englert, Mason",669438,2026,134,98,0.285,0.26,0.0249999999999999,0.496,0.485,0.011,0.343,0.332,0.011,3.81,4.64,-0.825
"De Jesus, Enmanuel",646241,2026,134,90,0.227,0.236,-0.0089999999999999,0.319,0.368,-0.0489999999999999,0.281,0.303,-0.0219999999999999,3.98,3.79,0.189
"Mattson, Isaac",676755,2026,134,93,0.254,0.283,-0.0289999999999999,0.398,0.497,-0.0989999999999999,0.326,0.371,-0.0449999999999999,4.4,6.0,-1.598
"Adam, Jason",592094,2026,134,102,0.242,0.224,0.0179999999999999,0.403,0.371,0.032,0.309,0.288,0.021,2.5,3.41,-0.905
"Cruz, Steven",674444,2026,134,77,0.224,0.228,-0.004,0.474,0.397,0.0769999999999999,0.342,0.316,0.026,4.88,4.16,0.723
"Phillips, Connor",683175,2026,133,74,0.208,0.24,-0.032,0.356,0.407,-0.0509999999999999,0.346,0.377,-0.031,5.53,6.23,-0.7
"Vesia, Alex",681911,2026,133,68,0.142,0.172,-0.03,0.177,0.254,-0.077,0.216,0.254,-0.038,2.27,2.63,-0.356
"Sewald, Paul",623149,2026,133,86,0.18,0.185,-0.005,0.402,0.413,-0.0109999999999999,0.274,0.28,-0.006,4.24,3.21,1.025
"Bird, Jake",656234,2026,132,88,0.276,0.246,0.03,0.448,0.439,0.009,0.348,0.333,0.0149999999999999,4.5,4.67,-0.17
"Vodnik, Victor",680767,2026,131,89,0.284,0.237,0.0469999999999999,0.422,0.377,0.0449999999999999,0.358,0.325,0.0329999999999999,5.72,4.42,1.298
"Weiss, Ryan",680802,2026,131,81,0.315,0.269,0.0459999999999999,0.568,0.488,0.0799999999999999,0.426,0.379,0.0469999999999999,7.62,6.31,1.305
"Maton, Phil",664208,2026,130,79,0.299,0.288,0.011,0.514,0.487,0.027,0.397,0.389,0.008,6.08,6.73,-0.655
"Fairbanks, Pete",664126,2026,130,77,0.254,0.228,0.0259999999999999,0.509,0.454,0.0549999999999999,0.361,0.333,0.0279999999999999,6.83,4.67,2.158
"Armstrong, Shawn",542888,2026,129,83,0.227,0.21,0.017,0.373,0.378,-0.005,0.317,0.31,0.007,4.55,3.99,0.561
"Paredes, Mike",702474,2026,128,99,0.241,0.272,-0.031,0.455,0.451,0.004,0.335,0.348,-0.0129999999999999,4.6,5.16,-0.558
"Williamson, Brandon",682227,2026,128,86,0.255,0.276,-0.021,0.431,0.486,-0.0549999999999999,0.36,0.389,-0.029,6.11,6.73,-0.623
"Whitlock, Garrett",676477,2026,128,85,0.207,0.238,-0.031,0.314,0.354,-0.0399999999999999,0.247,0.276,-0.029,2.18,3.12,-0.938
"Pomeranz, Drew",519141,2026,127,95,0.282,0.266,0.0159999999999999,0.509,0.459,0.0499999999999999,0.368,0.342,0.0259999999999999,5.53,4.96,0.57
"Hill, Jaden",677955,2026,127,78,0.257,0.235,0.022,0.39,0.353,0.037,0.338,0.316,0.022,5.06,4.16,0.903
"Iglesias, Raisel",628452,2026,127,84,0.233,0.217,0.016,0.325,0.315,0.01,0.267,0.254,0.013,2.23,2.63,-0.403
"Hall, DL",669084,2026,126,69,0.14,0.204,-0.0639999999999999,0.2,0.287,-0.0869999999999999,0.256,0.307,-0.0509999999999999,2.03,3.9,-1.868
"Gage, Matt",657424,2026,126,86,0.267,0.257,0.01,0.505,0.43,0.075,0.376,0.352,0.024,5.6,5.3,0.298
"Duran, Jhoan",661395,2026,126,69,0.202,0.196,0.006,0.252,0.267,-0.015,0.227,0.229,-0.002,1.38,2.14,-0.762
"Cano, Yennier",666974,2026,126,90,0.214,0.226,-0.012,0.282,0.36,-0.078,0.245,0.286,-0.0409999999999999,2.32,3.36,-1.037
"Bowlan, Jonathan",680742,2026,125,78,0.228,0.198,0.03,0.307,0.29,0.017,0.263,0.248,0.015,2.94,2.51,0.425
"Winn, Keaton",676775,2026,125,88,0.195,0.231,-0.036,0.301,0.357,-0.0559999999999999,0.253,0.289,-0.0359999999999999,3.09,3.43,-0.336
"Walker, Ryan",676254,2026,125,90,0.308,0.26,0.0479999999999999,0.477,0.389,0.0879999999999999,0.377,0.324,0.0529999999999999,7.52,4.39,3.129
"Shugart, Chase",663767,2026,125,77,0.257,0.244,0.013,0.495,0.448,0.0469999999999999,0.355,0.336,0.0189999999999999,4.97,4.77,0.196
"Wolfram, Grant",664991,2026,124,82,0.268,0.239,0.029,0.411,0.353,0.0579999999999999,0.32,0.287,0.033,4.76,3.38,1.385
"Eisert, Brandon",685126,2026,123,80,0.236,0.224,0.0119999999999999,0.473,0.387,0.0859999999999999,0.336,0.3,0.036,5.65,3.71,1.941
"Woodford, Jake",663765,2026,123,93,0.348,0.33,0.0179999999999999,0.527,0.483,0.044,0.386,0.367,0.019,7.46,5.84,1.621
"Waldron, Matt",663362,2026,122,87,0.318,0.233,0.0849999999999999,0.555,0.391,0.164,0.396,0.306,0.09,7.52,3.88,3.639
"Miller, Erik",669062,2026,121,62,0.212,0.19,0.0219999999999999,0.313,0.31,0.003,0.304,0.295,0.009,3.29,3.58,-0.287
"Criswell, Cooper",681867,2026,121,89,0.257,0.24,0.017,0.385,0.357,0.028,0.301,0.286,0.015,3.52,3.36,0.162
"Chapman, Aroldis",547973,2026,121,72,0.213,0.192,0.0209999999999999,0.306,0.298,0.008,0.275,0.263,0.012,2.2,2.82,-0.622
"Suarez, Robert",663158,2026,121,88,0.184,0.252,-0.068,0.219,0.351,-0.1319999999999999,0.203,0.282,-0.0789999999999999,0.56,3.26,-2.697
"Gusto, Ryan",687473,2026,121,86,0.266,0.275,-0.009,0.413,0.441,-0.028,0.333,0.346,-0.0129999999999999,5.13,5.09,0.037
"Fermin, José",820862,2026,119,71,0.188,0.226,-0.038,0.317,0.36,-0.0429999999999999,0.286,0.317,-0.031,3.21,4.19,-0.976
"Thielbar, Caleb",573204,2026,118,71,0.219,0.222,-0.003,0.438,0.478,-0.0399999999999999,0.315,0.329,-0.014,4.23,4.55,-0.321
"Beeter, Clayton",690925,2026,118,67,0.189,0.203,-0.014,0.347,0.348,-0.001,0.298,0.314,-0.016,3.62,4.1,-0.478
"Johnson, Pierce",572955,2026,118,81,0.231,0.274,-0.043,0.471,0.532,-0.061,0.335,0.377,-0.0419999999999999,4.23,6.23,-2.001
"Kimbrel, Craig",518886,2026,118,80,0.25,0.266,-0.016,0.452,0.409,0.043,0.334,0.326,0.008,4.82,4.45,0.371
"Sabrowski, Erik",681870,2026,118,50,0.177,0.158,0.0189999999999999,0.344,0.303,0.0409999999999999,0.294,0.28,0.0139999999999999,3.62,3.21,0.412
"Cleavinger, Garrett",664076,2026,117,66,0.242,0.22,0.0219999999999999,0.394,0.34,0.0539999999999999,0.305,0.288,0.017,3.58,3.41,0.168
"Vest, Will",676684,2026,116,77,0.275,0.244,0.031,0.382,0.365,0.017,0.326,0.307,0.019,6.08,3.9,2.175
"Walker, Taijuan",592836,2026,115,86,0.353,0.312,0.0409999999999999,0.657,0.582,0.075,0.454,0.411,0.043,9.13,7.72,1.412
"Hicks, Jordan",663855,2026,115,66,0.245,0.215,0.03,0.33,0.273,0.0569999999999999,0.313,0.283,0.03,3.86,3.28,0.577
"Sullivan, Sean",807743,2026,114,84,0.343,0.241,0.102,0.677,0.431,0.246,0.46,0.335,0.125,8.87,4.73,4.136
"Akin, Keegan",669211,2026,114,88,0.284,0.246,0.0379999999999999,0.441,0.371,0.07,0.337,0.298,0.039,5.68,3.66,2.024
"Ribalta, Orlando",687377,2026,114,80,0.228,0.219,0.009,0.366,0.41,-0.0439999999999999,0.296,0.307,-0.011,3.9,3.9,0.004
"Seabold, Connor",657756,2026,113,81,0.306,0.253,0.0529999999999999,0.429,0.364,0.065,0.351,0.308,0.0429999999999999,5.25,3.93,1.32
"Beeks, Jalen",656222,2026,113,84,0.272,0.282,-0.0099999999999999,0.495,0.522,-0.027,0.351,0.363,-0.012,3.81,5.7,-1.892
"Antone, Tejay",622088,2026,113,79,0.176,0.198,-0.022,0.304,0.345,-0.0409999999999999,0.242,0.268,-0.026,2.25,2.93,-0.68
"Henderson, Logan",701656,2026,111,69,0.204,0.219,-0.015,0.33,0.339,-0.009,0.263,0.272,-0.009,3.18,3.02,0.156
"Adams, Travis",701519,2026,111,66,0.258,0.233,0.0249999999999999,0.474,0.413,0.061,0.357,0.325,0.0319999999999999,6.2,4.42,1.783
"Thornton, Trent",663423,2026,110,86,0.194,0.265,-0.071,0.357,0.455,-0.098,0.278,0.343,-0.065,2.48,4.99,-2.507
"Roberts, Ethan",681799,2026,110,76,0.237,0.255,-0.018,0.376,0.391,-0.015,0.331,0.342,-0.011,4.21,4.96,-0.752
"Kittredge, Andrew",552640,2026,109,79,0.257,0.251,0.006,0.406,0.387,0.019,0.306,0.294,0.012,4.32,3.56,0.76
"Alvarado, Elvis",665660,2026,109,64,0.214,0.199,0.0149999999999999,0.439,0.45,-0.011,0.312,0.321,-0.009,4.94,4.3,0.639
"Ashcraft, Graham",668933,2026,109,61,0.183,0.197,-0.014,0.312,0.307,0.005,0.279,0.287,-0.0079999999999999,3.33,3.38,-0.047
"Hoppe, Alex",695380,2026,108,71,0.26,0.261,-0.001,0.385,0.353,0.032,0.319,0.307,0.012,6.38,3.9,2.475
"Herget, Jimmy",623474,2026,108,71,0.269,0.207,0.062,0.398,0.354,0.044,0.318,0.282,0.036,3.6,3.26,0.34
"Funderburk, Kody",681892,2026,108,73,0.207,0.247,-0.04,0.287,0.364,-0.077,0.299,0.34,-0.041,4.07,4.9,-0.832
"Gibson, Cade",806188,2026,107,71,0.267,0.247,0.02,0.367,0.316,0.0509999999999999,0.32,0.296,0.024,5.25,3.61,1.64
"Davis, Tyler",699823,2026,106,69,0.191,0.22,-0.0289999999999999,0.281,0.324,-0.0429999999999999,0.262,0.288,-0.0259999999999999,4.1,3.41,0.691
"Morgan, David",688158,2026,105,63,0.295,0.217,0.0779999999999999,0.432,0.274,0.1579999999999999,0.371,0.284,0.087,4.5,3.31,1.19
"Borucki, Ryan",621366,2026,104,78,0.293,0.253,0.0399999999999999,0.478,0.373,0.1049999999999999,0.364,0.31,0.0539999999999999,4.94,3.99,0.954
"Speier, Gabe",642100,2026,103,72,0.23,0.222,0.008,0.402,0.426,-0.0239999999999999,0.313,0.318,-0.005,2.22,4.22,-2.001
"Petty, Chase",695534,2026,103,83,0.217,0.264,-0.047,0.413,0.431,-0.018,0.301,0.345,-0.0439999999999999,4.38,5.06,-0.682
"Scherzer, Max",453286,2026,102,76,0.303,0.272,0.0309999999999999,0.629,0.519,0.1099999999999999,0.427,0.378,0.0489999999999999,10.23,6.27,3.957
"Slaten, Justin",686580,2026,101,64,0.312,0.228,0.0839999999999999,0.495,0.353,0.142,0.368,0.277,0.0909999999999999,5.64,3.14,2.502
"Hurter, Brant",676428,2026,101,70,0.174,0.235,-0.061,0.267,0.332,-0.065,0.25,0.304,-0.0539999999999999,2.84,3.82,-0.978
"Treinen, Blake",595014,2026,100,64,0.239,0.261,-0.022,0.398,0.475,-0.0769999999999999,0.312,0.348,-0.0359999999999999,3.52,5.16,-1.638
"Dodd, Dylan",689266,2026,100,64,0.144,0.2,-0.056,0.278,0.335,-0.0569999999999999,0.222,0.266,-0.044,2.39,2.89,-0.498
"Jansen, Kenley",445276,2026,99,61,0.188,0.219,-0.031,0.365,0.358,0.007,0.294,0.304,-0.01,4.56,3.82,0.743
"Nardi, Andrew",677053,2026,99,60,0.244,0.241,0.003,0.442,0.466,-0.024,0.342,0.348,-0.0059999999999999,5.16,5.16,0.002
"Murphy, Chris",669684,2026,98,63,0.253,0.219,0.034,0.386,0.342,0.0439999999999999,0.333,0.304,0.029,4.57,3.82,0.749
"Pallette, Peyton",688883,2026,97,56,0.218,0.25,-0.032,0.346,0.384,-0.038,0.333,0.356,-0.0229999999999999,5.23,5.44,-0.214
"Collyer, Gavin",686560,2026,97,54,0.173,0.185,-0.012,0.253,0.258,-0.005,0.299,0.303,-0.004,3.68,3.79,-0.108
"Coulombe, Danny",543056,2026,96,70,0.225,0.251,-0.0259999999999999,0.275,0.311,-0.0359999999999999,0.299,0.321,-0.022,4.5,4.3,0.2
"Halvorsen, Seth",678020,2026,96,64,0.272,0.312,-0.0399999999999999,0.457,0.49,-0.0329999999999999,0.368,0.395,-0.027,4.74,6.98,-2.243
"Dobbins, Hunter",690928,2026,95,62,0.247,0.269,-0.022,0.424,0.447,-0.023,0.33,0.346,-0.0159999999999999,4.03,5.09,-1.06
"Bolton, Cody",675989,2026,95,58,0.269,0.276,-0.007,0.462,0.472,-0.0099999999999999,0.371,0.38,-0.009,5.4,6.35,-0.95
"Abel, Mick",690953,2026,93,57,0.275,0.274,0.001,0.35,0.413,-0.063,0.329,0.349,-0.0199999999999999,3.98,5.2,-1.216
"Topa, Justin",623437,2026,92,68,0.346,0.291,0.0549999999999999,0.538,0.491,0.047,0.415,0.376,0.0389999999999999,8.05,6.19,1.863
"Barnett, Mason",686930,2026,90,57,0.218,0.254,-0.036,0.474,0.446,0.0279999999999999,0.341,0.347,-0.0059999999999999,4.64,5.13,-0.489
"Samaniego, Tyler",701719,2026,90,63,0.286,0.268,0.0179999999999999,0.351,0.398,-0.047,0.324,0.331,-0.007,2.66,4.61,-1.954
"Garcia, Brandyn",805299,2026,88,52,0.154,0.169,-0.015,0.167,0.218,-0.0509999999999999,0.195,0.218,-0.0229999999999999,1.9,1.95,-0.049
"Morgan, Eli",669212,2026,88,62,0.308,0.326,-0.018,0.538,0.518,0.02,0.401,0.4,0.001,5.4,7.21,-1.81
"Way, Beck",694360,2026,86,60,0.289,0.255,0.0339999999999999,0.461,0.412,0.049,0.359,0.342,0.0169999999999999,3.2,4.96,-1.757
"Yates, Kirby",489446,2026,86,49,0.187,0.206,-0.0189999999999999,0.333,0.329,0.004,0.27,0.279,-0.009,3.0,3.19,-0.19
"Bieber, Shane",669456,2026,86,63,0.342,0.364,-0.0219999999999999,0.671,0.694,-0.0229999999999999,0.461,0.477,-0.0159999999999999,7.64,11.53,-3.888
"Kremer, Dean",665152,2026,86,58,0.22,0.231,-0.011,0.573,0.506,0.0669999999999999,0.348,0.327,0.0209999999999999,4.09,4.48,-0.389
"Sears, JP",676664,2026,86,61,0.256,0.277,-0.021,0.436,0.469,-0.0329999999999999,0.334,0.354,-0.0199999999999999,5.03,5.37,-0.336
"Gil, Luis",661563,2026,85,62,0.211,0.262,-0.051,0.507,0.498,0.009,0.368,0.385,-0.017,6.05,6.56,-0.508
"Rangel, Alan",660604,2026,85,53,0.24,0.213,0.0269999999999999,0.44,0.336,0.1039999999999999,0.337,0.291,0.046,4.19,3.48,0.71
"Bigge, Hunter",685801,2026,85,57,0.2,0.23,-0.03,0.329,0.341,-0.012,0.297,0.311,-0.014,6.98,4.02,2.963
"Castaño, Blas",680604,2026,85,60,0.289,0.288,0.001,0.526,0.502,0.024,0.376,0.367,0.009,3.92,5.84,-1.921
"Crow, Coleman",689441,2026,85,68,0.276,0.269,0.007,0.474,0.448,0.0259999999999999,0.339,0.34,-0.001,5.3,4.9,0.404
"Pearson, Nate",663878,2026,84,55,0.225,0.229,-0.004,0.296,0.367,-0.071,0.301,0.325,-0.024,3.6,4.42,-0.82
"Alexander, Jason",669920,2026,84,61,0.28,0.258,0.022,0.56,0.416,0.144,0.391,0.333,0.0579999999999999,9.33,4.67,4.657
"Hernández, Jonathan",642546,2026,83,56,0.268,0.286,-0.0179999999999999,0.493,0.456,0.0369999999999999,0.374,0.37,0.004,8.15,5.96,2.191
"Rodríguez, Elmer",695684,2026,83,58,0.284,0.272,0.0119999999999999,0.358,0.386,-0.028,0.35,0.367,-0.017,4.76,5.84,-1.075
"Mears, Nick",683232,2026,83,57,0.257,0.298,-0.0409999999999999,0.443,0.506,-0.063,0.344,0.382,-0.038,5.12,6.43,-1.309
"Wilcox, Cole",677961,2026,82,51,0.273,0.303,-0.0299999999999999,0.348,0.458,-0.11,0.343,0.389,-0.0459999999999999,4.24,6.73,-2.495
"Estrada, Jeremiah",669093,2026,82,49,0.183,0.213,-0.03,0.296,0.342,-0.046,0.267,0.294,-0.0269999999999999,3.48,3.56,-0.076
"Rojas, Kendry",696070,2026,82,44,0.219,0.184,0.035,0.313,0.278,0.0349999999999999,0.329,0.304,0.025,2.94,3.82,-0.875
"Black, Mason",696131,2026,82,54,0.279,0.291,-0.0119999999999999,0.441,0.527,-0.086,0.369,0.408,-0.0389999999999999,3.57,7.58,-4.014
"Povich, Cade",700249,2026,82,62,0.257,0.271,-0.014,0.473,0.465,0.0079999999999999,0.349,0.352,-0.003,5.12,5.3,-0.179
"Macko, Adam",671936,2026,82,53,0.264,0.256,0.008,0.361,0.418,-0.0569999999999999,0.321,0.334,-0.013,4.34,4.7,-0.361
"Hentges, Sam",656529,2026,82,44,0.203,0.208,-0.0049999999999999,0.234,0.31,-0.0759999999999999,0.291,0.317,-0.026,2.04,4.19,-2.152
"Madden, Ty",680744,2026,82,53,0.211,0.206,0.005,0.316,0.341,-0.025,0.262,0.268,-0.006,3.15,2.93,0.22
"Cabrera, Jose",703615,2026,81,60,0.278,0.268,0.01,0.444,0.455,-0.011,0.354,0.353,0.001,5.6,5.34,0.264
"Bido, Osvaldo",674370,2026,81,56,0.224,0.273,-0.049,0.403,0.449,-0.0459999999999999,0.343,0.377,-0.0339999999999999,6.27,6.23,0.038
"Ferguson, Caleb",657571,2026,80,55,0.264,0.244,0.02,0.389,0.316,0.073,0.313,0.278,0.0349999999999999,2.41,3.16,-0.749
"Sandlin, David",689818,2026,80,50,0.214,0.213,0.001,0.429,0.372,0.0569999999999999,0.325,0.305,0.02,6.05,3.85,2.202
"Guerrero, Tyron",594027,2026,80,53,0.237,0.207,0.03,0.329,0.323,0.006,0.269,0.252,0.017,2.33,2.59,-0.262
"Bidois, Brandan",684049,2026,80,47,0.297,0.253,0.0439999999999999,0.547,0.469,0.078,0.407,0.363,0.0439999999999999,6.32,5.7,0.619
"Murray, Jayden",681151,2026,79,56,0.362,0.273,0.0889999999999999,0.594,0.495,0.0989999999999999,0.438,0.363,0.075,9.37,5.7,3.667
"Franco, Jose",683742,2026,79,52,0.281,0.232,0.049,0.531,0.394,0.137,0.403,0.354,0.049,5.4,5.37,0.03
"Dotel, Wilber",696062,2026,79,51,0.232,0.237,-0.0049999999999999,0.377,0.394,-0.017,0.308,0.322,-0.014,5.89,4.33,1.561
"Javier, Cristian",664299,2026,79,50,0.323,0.28,0.0429999999999999,0.548,0.447,0.101,0.443,0.395,0.0479999999999999,9.98,6.98,2.998
"Leasure, Jordan",673929,2026,78,52,0.217,0.269,-0.052,0.507,0.624,-0.1169999999999999,0.336,0.406,-0.07,6.27,7.48,-1.212
"Laweryson, Cody",689520,2026,78,50,0.227,0.245,-0.0179999999999999,0.409,0.389,0.0199999999999999,0.32,0.33,-0.01,4.86,4.58,0.28
"Davila, Nick",689546,2026,77,57,0.156,0.236,-0.0799999999999999,0.188,0.315,-0.127,0.225,0.299,-0.0739999999999999,1.86,3.69,-1.828
"Bummer, Aaron",607481,2026,77,53,0.281,0.264,0.017,0.609,0.537,0.0719999999999999,0.418,0.386,0.0319999999999999,7.63,6.6,1.03
"García, Luis",472610,2026,74,61,0.348,0.329,0.0189999999999999,0.545,0.522,0.023,0.415,0.397,0.0179999999999999,9.0,7.07,1.93
"Minter, A.J.",621345,2026,73,55,0.208,0.22,-0.012,0.347,0.385,-0.038,0.244,0.263,-0.019,1.42,2.82,-1.399
"Carrasco, Carlos",471911,2026,73,61,0.318,0.371,-0.0529999999999999,0.485,0.586,-0.1009999999999999,0.372,0.432,-0.06,5.94,8.78,-2.84
"Smith, Burch",572143,2026,73,46,0.277,0.217,0.06,0.462,0.347,0.115,0.353,0.287,0.066,3.18,3.38,-0.204
"Pagán, Emilio",641941,2026,73,47,0.25,0.227,0.0229999999999999,0.483,0.455,0.0279999999999999,0.347,0.334,0.0129999999999999,6.06,4.7,1.361
"Anderson, Shaun",641312,2026,73,52,0.27,0.287,-0.0169999999999999,0.429,0.463,-0.034,0.351,0.369,-0.018,5.94,5.92,0.02
"Backhus, Kyle",679775,2026,72,53,0.328,0.252,0.076,0.507,0.413,0.094,0.374,0.307,0.067,5.87,3.9,1.97
"Henry, Cole",669371,2026,71,44,0.288,0.256,0.0319999999999999,0.542,0.478,0.064,0.409,0.374,0.0349999999999999,7.9,6.11,1.792
"Kelly, Zack",677161,2026,71,49,0.233,0.29,-0.0569999999999999,0.3,0.432,-0.132,0.28,0.368,-0.0879999999999999,3.31,5.88,-2.574
"Palencia, Daniel",694037,2026,71,46,0.266,0.244,0.022,0.391,0.386,0.005,0.31,0.3,0.01,2.7,3.71,-1.01
"Mantiply, Joe",573009,2026,71,50,0.254,0.266,-0.012,0.349,0.446,-0.097,0.29,0.332,-0.042,2.04,4.64,-2.602
"Enns, Dietrich",608650,2026,70,46,0.236,0.212,0.0239999999999999,0.327,0.336,-0.009,0.306,0.301,0.005,3.94,3.74,0.198
"Kent, Zak",687849,2026,69,51,0.295,0.26,0.0349999999999999,0.59,0.45,0.1399999999999999,0.401,0.351,0.05,6.28,5.27,1.009
"Helsley, Ryan",664854,2026,68,38,0.22,0.185,0.035,0.407,0.296,0.1109999999999999,0.319,0.265,0.0539999999999999,4.11,2.87,1.239
"Brogdon, Connor",641401,2026,67,50,0.23,0.259,-0.0289999999999999,0.525,0.515,0.01,0.335,0.345,-0.0099999999999999,5.28,5.06,0.223
"Thornton, Zach",804267,2026,67,47,0.18,0.243,-0.063,0.295,0.406,-0.111,0.241,0.308,-0.067,2.6,3.93,-1.334
"Jameson, Drey",686753,2026,66,48,0.254,0.261,-0.007,0.39,0.388,0.002,0.322,0.323,-0.001,4.11,4.36,-0.251
"Boyle, Joe",671212,2026,66,44,0.19,0.261,-0.071,0.328,0.413,-0.0849999999999999,0.257,0.328,-0.071,5.17,4.51,0.66
"Pivetta, Nick",601713,2026,66,36,0.2,0.154,0.046,0.267,0.228,0.039,0.248,0.212,0.036,4.5,1.85,2.65
"Martin, Chris",455119,2026,66,54,0.403,0.344,0.059,0.71,0.568,0.142,0.478,0.408,0.07,9.0,7.58,1.42
"Ahlstrom, Robby",695239,2026,65,49,0.298,0.276,0.0219999999999999,0.456,0.417,0.039,0.36,0.335,0.0249999999999999,7.07,4.73,2.341
"Brash, Matt",666374,2026,64,40,0.151,0.234,-0.083,0.189,0.347,-0.1579999999999999,0.218,0.316,-0.098,0.54,4.16,-3.62
"Booser, Cam",592155,2026,63,36,0.155,0.152,0.003,0.328,0.323,0.005,0.232,0.231,0.001,1.59,2.18,-0.592
"Cornelio, Riley",683000,2026,63,39,0.298,0.212,0.086,0.383,0.33,0.0529999999999999,0.361,0.325,0.0359999999999999,7.82,4.42,3.396
"Natera Jr., Samy",696519,2026,62,31,0.151,0.136,0.0149999999999999,0.283,0.21,0.0729999999999999,0.259,0.229,0.03,3.0,2.14,0.86
"Roycroft, Chris",688297,2026,61,40,0.34,0.253,0.087,0.58,0.439,0.1409999999999999,0.446,0.364,0.082,9.53,5.73,3.799
"Romano, Jordan",605447,2026,61,33,0.306,0.239,0.067,0.449,0.35,0.099,0.388,0.331,0.0569999999999999,7.71,4.61,3.104
"Hader, Josh",623352,2026,60,27,0.115,0.086,0.029,0.173,0.117,0.0559999999999999,0.201,0.168,0.033,1.17,1.2,-0.026
"Barco, Hunter",682995,2026,60,41,0.292,0.289,0.003,0.542,0.471,0.071,0.413,0.39,0.0229999999999999,7.71,6.77,0.944
"Fernandez, Ryan",681676,2026,59,32,0.212,0.213,-0.001,0.327,0.339,-0.012,0.287,0.292,-0.005,2.7,3.51,-0.81
"Santa, Alimber",695001,2026,59,44,0.16,0.207,-0.0469999999999999,0.24,0.273,-0.033,0.218,0.268,-0.05,1.17,2.93,-1.756
"Hanifee, Brenan",669724,2026,59,48,0.283,0.287,-0.004,0.453,0.51,-0.0569999999999999,0.35,0.371,-0.021,3.29,6.0,-2.707
"Hoffmann, Andrew",694851,2026,59,37,0.333,0.243,0.09,0.583,0.399,0.1839999999999999,0.433,0.336,0.0969999999999999,7.71,4.77,2.944
"Barnes, Charlie",656212,2026,59,48,0.327,0.327,0.0,0.558,0.54,0.018,0.417,0.407,0.01,7.5,7.53,-0.03
"Wilson, Bryse",669060,2026,58,42,0.278,0.282,-0.0039999999999999,0.426,0.42,0.006,0.331,0.33,0.001,4.61,4.58,0.03
"Thompson, Keegan",624522,2026,57,44,0.365,0.343,0.0219999999999999,0.596,0.623,-0.027,0.406,0.407,-0.0009999999999999,8.25,7.53,0.72
"Rucker, Michael",621074,2026,57,37,0.265,0.236,0.029,0.408,0.352,0.0559999999999999,0.342,0.309,0.033,5.68,3.96,1.724
"Ross, Joe",605452,2026,57,44,0.314,0.307,0.007,0.549,0.524,0.025,0.403,0.391,0.012,9.26,6.81,2.447
"Falter, Bailey",663559,2026,57,45,0.471,0.355,0.1159999999999999,0.765,0.537,0.2279999999999999,0.549,0.415,0.134,13.97,7.91,6.056
"Waldrep, Hurston",694462,2026,56,35,0.295,0.231,0.0639999999999999,0.5,0.389,0.1109999999999999,0.419,0.359,0.06,8.44,5.55,2.888
"Voth, Austin",608723,2026,56,47,0.396,0.338,0.0579999999999999,0.646,0.557,0.0889999999999999,0.458,0.403,0.0549999999999999,9.9,7.34,2.56
"Spence, Mitch",687765,2026,56,41,0.413,0.279,0.1339999999999999,0.717,0.409,0.308,0.508,0.361,0.147,21.21,5.62,15.594
"Smith, Dylan",681916,2026,56,36,0.204,0.22,-0.016,0.367,0.405,-0.038,0.302,0.321,-0.019,3.55,4.3,-0.747
"Zerpa, Angel",672582,2026,55,41,0.333,0.327,0.006,0.521,0.53,-0.009,0.405,0.405,0.0,6.39,7.44,-1.045
"Morales, Luis",806960,2026,55,35,0.405,0.326,0.079,0.833,0.62,0.2129999999999999,0.566,0.472,0.0939999999999999,14.46,11.19,3.274
"Dion, Will",702021,2026,55,38,0.353,0.288,0.065,0.529,0.373,0.156,0.405,0.318,0.087,5.56,4.22,1.339
"Johnson, Seth",686751,2026,55,30,0.205,0.196,0.0089999999999999,0.318,0.31,0.008,0.32,0.313,0.007,7.15,4.07,3.077
"Martin, Trevor",694680,2026,54,41,0.292,0.274,0.0179999999999999,0.583,0.54,0.0429999999999999,0.409,0.385,0.0239999999999999,3.97,6.56,-2.589
"Maxwell, Zach",687209,2026,54,35,0.318,0.293,0.025,0.545,0.485,0.06,0.431,0.401,0.0299999999999999,9.9,7.25,2.65
"Zuber, Tyler",676604,2026,54,37,0.286,0.251,0.0349999999999999,0.429,0.377,0.0519999999999999,0.346,0.311,0.0349999999999999,3.75,4.02,-0.27
"Rock, Joe",697812,2026,53,28,0.275,0.267,0.008,0.3,0.402,-0.102,0.364,0.39,-0.026,3.48,6.77,-3.286
"Morris, Kade",695034,2026,53,41,0.413,0.252,0.1609999999999999,0.696,0.365,0.3309999999999999,0.492,0.316,0.176,11.7,4.16,7.54
"Sands, Cole",663485,2026,50,35,0.273,0.254,0.019,0.477,0.45,0.0269999999999999,0.344,0.327,0.0169999999999999,4.63,4.48,0.149
"Granillo, Andre",701552,2026,50,38,0.333,0.295,0.038,0.538,0.44,0.098,0.427,0.394,0.0329999999999999,9.64,6.94,2.703
"Yoho, Craig",684974,2026,50,29,0.114,0.17,-0.056,0.295,0.296,-0.001,0.234,0.26,-0.0259999999999999,2.77,2.76,0.009
"Wicks, Jordan",696136,2026,50,39,0.383,0.283,0.1,0.553,0.407,0.146,0.422,0.322,0.0999999999999999,10.45,4.33,6.122
"Kempner, William",687531,2026,50,30,0.182,0.231,-0.049,0.295,0.355,-0.06,0.265,0.306,-0.0409999999999999,2.92,3.88,-0.961
"Gordon, Colton",676467,2026,50,35,0.467,0.327,0.14,0.933,0.587,0.3460000000000001,0.588,0.41,0.178,11.57,7.67,3.901
"Smith, Shane",681343,2026,49,27,0.316,0.246,0.07,0.5,0.293,0.207,0.424,0.333,0.0909999999999999,10.8,4.67,6.13
"Foster, Cameron",671382,2026,49,32,0.415,0.254,0.1609999999999999,0.537,0.358,0.179,0.461,0.336,0.125,9.0,4.77,4.23
"Sanders, Cam",676742,2026,48,24,0.25,0.217,0.033,0.389,0.329,0.06,0.375,0.344,0.031,8.68,5.03,3.649
"Bellozo, Valente",678368,2026,48,32,0.256,0.316,-0.06,0.641,0.737,-0.0959999999999999,0.42,0.475,-0.0549999999999999,7.59,11.39,-3.796
"Pintaro, Jonathan",702752,2026,48,31,0.143,0.225,-0.082,0.357,0.42,-0.063,0.263,0.321,-0.0579999999999999,5.11,4.3,0.808
"Sommers, Drew",805427,2026,48,26,0.275,0.192,0.083,0.375,0.261,0.1139999999999999,0.338,0.265,0.073,5.4,2.87,2.53
"Peguero, Joel",666711,2026,48,37,0.238,0.192,0.0459999999999999,0.31,0.248,0.062,0.297,0.256,0.0409999999999999,2.38,2.67,-0.288
"Tidwell, Blade",694918,2026,47,33,0.233,0.242,-0.0089999999999999,0.326,0.352,-0.0259999999999999,0.282,0.295,-0.013,3.0,3.58,-0.58
"Beck, Tristan",663941,2026,47,40,0.302,0.227,0.0749999999999999,0.465,0.39,0.075,0.338,0.282,0.056,6.75,3.26,3.49
"Tong, Jonah",804636,2026,47,33,0.205,0.206,-0.001,0.282,0.367,-0.085,0.28,0.309,-0.0289999999999999,3.6,3.96,-0.36
"Waguespack, Jacob",621097,2026,47,36,0.14,0.206,-0.0659999999999999,0.279,0.285,-0.0059999999999999,0.212,0.244,-0.032,1.46,2.43,-0.971
"Mey, Luis",682825,2026,46,19,0.212,0.178,0.034,0.424,0.398,0.0259999999999999,0.393,0.382,0.011,7.27,6.43,0.839
"Sims, Lucas",608371,2026,46,28,0.257,0.22,0.037,0.4,0.356,0.044,0.353,0.331,0.0219999999999999,4.5,4.61,-0.11
"Whisenhunt, Carson",687931,2026,46,34,0.225,0.267,-0.042,0.325,0.453,-0.128,0.298,0.358,-0.06,3.38,5.51,-2.135
"Rodríguez, Yariel",684320,2026,45,31,0.324,0.295,0.029,0.514,0.495,0.019,0.422,0.402,0.0199999999999999,7.71,7.3,0.414
"Greene, Hunter",668881,2026,45,21,0.25,0.274,-0.024,0.4,0.403,-0.003,0.326,0.337,-0.011,6.97,4.8,2.168
"Allard, Kolby",663465,2026,45,32,0.39,0.317,0.073,0.659,0.533,0.126,0.466,0.385,0.081,10.38,6.56,3.825
"Shuster, Jared",694363,2026,44,34,0.289,0.239,0.0499999999999999,0.447,0.367,0.08,0.361,0.311,0.0499999999999999,9.0,4.02,4.98
"Hollowell, Gavin",668970,2026,43,25,0.176,0.232,-0.056,0.382,0.484,-0.1019999999999999,0.333,0.385,-0.0519999999999999,2.79,6.56,-3.767
"Roa, Christian",685005,2026,43,27,0.313,0.297,0.016,0.5,0.492,0.008,0.423,0.415,0.008,5.19,7.91,-2.718
"Kahnle, Tommy",592454,2026,43,32,0.324,0.285,0.039,0.595,0.489,0.1059999999999999,0.434,0.381,0.0529999999999999,8.0,6.39,1.61
"Schweitzer, Tyler",805326,2026,42,35,0.282,0.259,0.0229999999999999,0.436,0.406,0.0299999999999999,0.336,0.316,0.02,3.6,4.16,-0.56
"Rodriguez, Carlos",692230,2026,42,30,0.263,0.228,0.035,0.395,0.327,0.068,0.323,0.282,0.041,3.86,3.26,0.597
"Nicolas, Kyle",693312,2026,42,22,0.276,0.272,0.004,0.414,0.444,-0.03,0.422,0.434,-0.012,8.59,8.89,-0.299
"Ferguson, Tyler",621053,2026,42,26,0.256,0.259,-0.003,0.615,0.596,0.019,0.391,0.384,0.007,7.45,6.52,0.928
"Koenig, Jared",657649,2026,41,26,0.364,0.246,0.118,0.576,0.416,0.1599999999999999,0.443,0.337,0.1059999999999999,9.0,4.8,4.2
"Dobnak, Randy",677976,2026,41,33,0.243,0.296,-0.0529999999999999,0.324,0.395,-0.071,0.292,0.34,-0.048,1.86,4.9,-3.038
"Waldichuk, Ken",686610,2026,40,26,0.235,0.243,-0.008,0.588,0.577,0.011,0.399,0.397,0.002,6.75,7.07,-0.32
"Palmquist, Carson",687223,2026,40,26,0.297,0.23,0.0669999999999999,0.405,0.37,0.035,0.336,0.29,0.046,5.79,3.46,2.326
"Vanasco, Ricky",676568,2026,40,30,0.412,0.294,0.118,0.706,0.519,0.1869999999999999,0.511,0.399,0.1119999999999999,15.63,7.16,8.472
"Garcia, Julian",670062,2026,40,22,0.094,0.141,-0.0469999999999999,0.313,0.233,0.0799999999999999,0.256,0.253,0.003,3.48,2.61,0.874
"Sandlin, Nick",680704,2026,40,26,0.29,0.238,0.0519999999999999,0.548,0.463,0.085,0.418,0.377,0.0409999999999999,11.42,6.23,5.193
"Curvelo, Luis",681168,2026,40,34,0.342,0.299,0.043,0.684,0.513,0.171,0.441,0.354,0.087,7.56,5.37,2.19
"Heuer, Codi",676051,2026,40,28,0.294,0.257,0.0369999999999999,0.412,0.38,0.0319999999999999,0.364,0.339,0.0249999999999999,5.63,4.86,0.765
"Stewart, Brock",592779,2026,39,24,0.147,0.175,-0.0279999999999999,0.353,0.274,0.0789999999999999,0.272,0.257,0.015,2.79,2.69,0.103
"Brieske, Beau",689225,2026,39,27,0.257,0.241,0.016,0.514,0.435,0.079,0.366,0.33,0.0359999999999999,6.75,4.58,2.17
"Rajcic, Max",691008,2026,39,25,0.182,0.168,0.0139999999999999,0.394,0.318,0.076,0.311,0.281,0.0299999999999999,5.0,3.23,1.77
"Manoah, Alek",666201,2026,39,26,0.258,0.228,0.03,0.516,0.473,0.043,0.402,0.379,0.023,9.82,6.31,3.508
"Hartlieb, Geoff",664129,2026,39,33,0.314,0.246,0.068,0.486,0.385,0.1009999999999999,0.363,0.295,0.068,5.19,3.58,1.612
"De los Santos, Yerry",660787,2026,38,27,0.242,0.252,-0.01,0.333,0.334,-0.001,0.299,0.303,-0.004,1.04,3.79,-2.752
"Karinchak, James",675916,2026,37,24,0.129,0.158,-0.0289999999999999,0.258,0.299,-0.0409999999999999,0.232,0.268,-0.036,1.86,2.93,-1.068
"Payamps, Joel",606303,2026,36,23,0.281,0.252,0.029,0.594,0.548,0.0459999999999999,0.404,0.377,0.027,8.22,6.23,1.987
"Trivino III, Lou",642152,2026,36,21,0.37,0.217,0.153,0.593,0.323,0.2699999999999999,0.465,0.33,0.135,15.0,4.58,10.42
"Urquidy, José",664353,2026,36,28,0.441,0.276,0.1649999999999999,0.647,0.401,0.246,0.483,0.314,0.1689999999999999,8.53,4.1,4.426
"Gonzalez, Domingo",682445,2026,36,25,0.3,0.355,-0.0549999999999999,0.467,0.618,-0.1509999999999999,0.383,0.453,-0.07,4.7,9.98,-5.284
"Krook, Matt",640454,2026,35,20,0.296,0.33,-0.034,0.593,0.523,0.0699999999999999,0.451,0.441,0.01,11.37,9.28,2.088
"Hughes, Gabriel",687312,2026,35,24,0.188,0.215,-0.0269999999999999,0.25,0.28,-0.03,0.234,0.256,-0.0219999999999999,3.0,2.67,0.33
"Gerber, Joey",680702,2026,34,22,0.2,0.23,-0.03,0.4,0.373,0.027,0.306,0.309,-0.003,4.32,3.96,0.36
"Gervase, Paul",801434,2026,34,21,0.241,0.238,0.003,0.241,0.313,-0.072,0.286,0.307,-0.021,2.35,3.9,-1.552
"Garcia, Robert",676395,2026,34,21,0.185,0.239,-0.0539999999999999,0.222,0.31,-0.088,0.286,0.333,-0.047,3.38,4.67,-1.295
"Díaz, Edwin",621242,2026,33,17,0.333,0.244,0.089,0.444,0.354,0.09,0.396,0.331,0.065,10.5,4.61,5.89
"Pushard, Matt",690155,2026,32,20,0.24,0.278,-0.038,0.28,0.39,-0.1099999999999999,0.298,0.347,-0.0489999999999999,5.14,5.13,0.013
"Little, Brendon",663893,2026,32,19,0.48,0.283,0.197,0.96,0.535,0.4249999999999999,0.625,0.403,0.2219999999999999,27.0,7.34,19.66
"Kelly, Michael",547184,2026,32,20,0.462,0.349,0.113,0.769,0.522,0.247,0.556,0.436,0.12,16.2,9.0,7.2
"Klassen, George",691946,2026,32,16,0.318,0.306,0.012,0.545,0.568,-0.0229999999999999,0.472,0.472,0.0,11.57,11.19,0.381
"Chivilli, Angel",683409,2026,32,20,0.143,0.186,-0.043,0.321,0.368,-0.0469999999999999,0.259,0.291,-0.0319999999999999,1.17,3.48,-2.306
"Anderson, Jack",681252,2026,32,24,0.267,0.284,-0.0169999999999999,0.4,0.542,-0.142,0.314,0.372,-0.0579999999999999,3.38,6.04,-2.665
"Martin, Riley",702303,2026,32,19,0.179,0.169,0.0099999999999999,0.286,0.312,-0.026,0.248,0.251,-0.003,2.16,2.57,-0.41
"Abner, Philip",691769,2026,32,24,0.25,0.285,-0.0349999999999999,0.5,0.514,-0.014,0.366,0.384,-0.018,8.59,6.52,2.071
"France, J.P.",641585,2026,31,21,0.24,0.293,-0.0529999999999999,0.4,0.534,-0.134,0.358,0.42,-0.062,8.1,8.16,-0.06
"Pop, Zach",647315,2026,31,21,0.2,0.248,-0.0479999999999999,0.32,0.358,-0.0379999999999999,0.27,0.318,-0.0479999999999999,3.68,4.22,-0.538
"Beck, Brendan",694341,2026,31,22,0.269,0.3,-0.0309999999999999,0.808,0.656,0.152,0.486,0.448,0.0379999999999999,9.45,9.68,-0.23
"Fitzpatrick, Brian",702153,2026,30,22,0.259,0.212,0.047,0.296,0.265,0.0309999999999999,0.29,0.257,0.0329999999999999,1.35,2.69,-1.34
"Leibrandt, Brandon",605335,2026,30,24,0.385,0.323,0.062,0.692,0.694,-0.002,0.46,0.437,0.023,7.5,9.05,-1.55
"Trevino, Jose",624431,2026,29,26,0.519,0.396,0.123,0.593,0.57,0.023,0.504,0.436,0.068,14.4,9.0,5.4
"Cuas, Jose",621016,2026,29,18,0.296,0.305,-0.009,0.444,0.414,0.03,0.332,0.324,0.008,2.84,4.39,-1.548
"Aleman, Franco",680916,2026,29,22,0.185,0.149,0.036,0.333,0.263,0.07,0.254,0.211,0.043,1.13,1.83,-0.705
"Garrett, Braxton",666129,2026,28,15,0.368,0.24,0.128,0.579,0.389,0.1899999999999999,0.475,0.386,0.0889999999999999,14.54,6.6,7.938
"Cerantola, Eric",672021,2026,28,10,0.235,0.181,0.0539999999999999,0.588,0.315,0.2729999999999999,0.484,0.402,0.0819999999999999,10.13,7.3,2.825
"Bratt, Mitch",683352,2026,28,20,0.217,0.263,-0.046,0.435,0.481,-0.0459999999999999,0.351,0.383,-0.032,6.0,6.48,-0.48
"Acton, Garrett",670183,2026,28,15,0.174,0.191,-0.017,0.261,0.268,-0.007,0.238,0.251,-0.013,2.7,2.57,0.13
"Sullivan, Brett",664954,2026,27,24,0.36,0.329,0.0309999999999999,0.6,0.466,0.1339999999999999,0.432,0.37,0.062,4.5,5.96,-1.46
"Baumler, Carter",691945,2026,27,14,0.2,0.206,-0.0059999999999999,0.4,0.353,0.047,0.371,0.359,0.012,3.18,5.55,-2.374
"Lazar, Max",676661,2026,27,22,0.269,0.27,-0.001,0.615,0.511,0.1039999999999999,0.385,0.347,0.038,7.11,5.13,1.975
"Shook, TJ",669298,2026,27,20,0.385,0.293,0.092,0.885,0.536,0.349,0.538,0.363,0.175,9.53,5.7,3.829
"Rom, Drew",680723,2026,27,12,0.261,0.183,0.078,0.435,0.337,0.0979999999999999,0.358,0.29,0.068,3.18,3.46,-0.284
"Fulton, Dax",690978,2026,26,17,0.13,0.149,-0.0189999999999999,0.261,0.188,0.073,0.225,0.21,0.015,2.57,1.81,0.761
"Horton, Cade",690990,2026,26,20,0.167,0.249,-0.0819999999999999,0.292,0.321,-0.029,0.235,0.283,-0.0479999999999999,2.46,3.28,-0.825
"Raya, Marco",694397,2026,25,18,0.227,0.274,-0.047,0.364,0.407,-0.0429999999999999,0.308,0.341,-0.033,3.0,4.93,-1.93
"Edwards Jr., Carl",605218,2026,25,10,0.143,0.159,-0.016,0.286,0.25,0.0359999999999999,0.265,0.258,0.007,1.5,2.71,-1.21
"Martin, Corbin",656686,2026,25,16,0.25,0.248,0.002,0.55,0.509,0.041,0.41,0.396,0.0139999999999999,10.8,7.03,3.77
"Basso, Brady",669620,2026,25,22,0.478,0.333,0.1449999999999999,1.0,0.534,0.4659999999999999,0.597,0.418,0.179,12.46,8.06,4.402
"Walker, Josh",677020,2026,25,16,0.217,0.226,-0.009,0.391,0.376,0.015,0.295,0.292,0.003,4.5,3.51,0.99
"Muñoz, Roddery",682610,2026,25,13,0.368,0.291,0.077,0.947,0.556,0.3909999999999999,0.585,0.441,0.1439999999999999,15.75,9.28,6.47
"McCambley, Zach",685112,2026,25,15,0.316,0.379,-0.063,0.368,0.53,-0.162,0.385,0.458,-0.073,6.23,10.28,-4.049
"Seymour, Carson",693313,2026,25,21,0.478,0.415,0.063,0.696,0.662,0.0339999999999999,0.523,0.478,0.045,14.54,11.6,2.938
"Rivera, Eduardo",700842,2026,24,16,0.091,0.153,-0.062,0.091,0.192,-0.101,0.132,0.196,-0.064,0.0,1.59,-1.59
"Mills, Wyatt",670090,2026,24,12,0.188,0.222,-0.034,0.188,0.281,-0.093,0.33,0.365,-0.0349999999999999,6.23,5.77,0.461
"Lucchesi, Joey",664192,2026,24,13,0.412,0.286,0.126,0.647,0.491,0.156,0.528,0.441,0.087,13.5,9.28,4.22
"Cortes, Carlos",666126,2026,24,19,0.35,0.308,0.0419999999999999,0.7,0.443,0.2569999999999999,0.487,0.391,0.0959999999999999,3.86,6.81,-2.953
"Casparius, Ben",676508,2026,23,15,0.316,0.281,0.0349999999999999,0.474,0.466,0.0079999999999999,0.404,0.385,0.019,9.64,6.56,3.083
"Hamilton, Ian",641656,2026,23,16,0.3,0.307,-0.007,0.4,0.356,0.044,0.355,0.342,0.0129999999999999,7.71,4.96,2.754
"Espino, Daniel",682982,2026,23,11,0.25,0.234,0.0159999999999999,0.45,0.32,0.13,0.351,0.298,0.0529999999999999,5.4,3.66,1.74
"Jacob, Alek",689690,2026,23,14,0.25,0.179,0.071,0.45,0.305,0.145,0.352,0.273,0.0789999999999999,5.4,3.05,2.35
"Rojas, Miguel",500743,2026,23,21,0.429,0.373,0.0559999999999999,0.81,0.591,0.219,0.543,0.438,0.105,13.5,9.11,4.39
"Estrada, Lazaro",681751,2026,23,16,0.053,0.221,-0.168,0.211,0.398,-0.187,0.21,0.34,-0.13,2.84,4.9,-2.058
"McCann, James",543510,2026,23,20,0.474,0.467,0.0069999999999999,0.737,1.079,-0.3419999999999999,0.522,0.627,-0.1049999999999999,11.25,28.86,-17.61
"Tolbert, Tyler",686475,2026,22,20,0.55,0.49,0.06,0.85,0.7,0.15,0.613,0.529,0.0839999999999999,17.18,15.76,1.422
"VanWey, Logan",701121,2026,22,17,0.25,0.237,0.013,0.25,0.343,-0.093,0.212,0.239,-0.0269999999999999,1.5,2.33,-0.83
"Ekness, Josh",694795,2026,22,12,0.118,0.257,-0.139,0.118,0.361,-0.243,0.24,0.361,-0.121,1.69,5.62,-3.932
"Snelling, Robby",702281,2026,22,16,0.278,0.261,0.017,0.5,0.445,0.0549999999999999,0.398,0.372,0.026,5.4,6.04,-0.64
"Santos, Gregory",666619,2026,22,18,0.263,0.327,-0.064,0.474,0.428,0.0459999999999999,0.363,0.376,-0.013,3.6,6.19,-2.59
"Gilbert, Tyler",656457,2026,22,15,0.389,0.343,0.0459999999999999,0.889,0.729,0.16,0.565,0.497,0.0679999999999999,17.18,13.0,4.182
"Hoffman, Nolan",676510,2026,21,16,0.375,0.3,0.075,0.375,0.384,-0.009,0.354,0.342,0.0119999999999999,3.86,4.96,-1.103
"Gamboa, Alec",687941,2026,21,13,0.188,0.175,0.013,0.438,0.372,0.066,0.333,0.378,-0.0449999999999999,3.6,6.27,-2.67
"Zimmermann, Bruce",669145,2026,21,18,0.3,0.235,0.065,0.45,0.324,0.126,0.34,0.261,0.079,5.4,2.78,2.62
"Brebbia, John",605154,2026,21,19,0.333,0.317,0.016,0.667,0.673,-0.006,0.424,0.414,0.01,10.38,7.86,2.525
"Molina, Anthony",683627,2026,21,18,0.3,0.298,0.002,0.45,0.505,-0.0549999999999999,0.342,0.36,-0.0179999999999999,5.4,5.59,-0.19
"Kelly, Antwone",699008,2026,20,17,0.333,0.355,-0.0219999999999999,0.778,0.494,0.284,0.489,0.4,0.0889999999999999,10.38,7.21,3.175
"Dallas, Chad",689149,2026,19,14,0.188,0.149,0.039,0.25,0.182,0.068,0.234,0.211,0.023,1.93,1.83,0.099
"Verlander, Justin",434378,2026,19,16,0.353,0.365,-0.012,0.706,0.69,0.016,0.472,0.474,-0.002,12.27,11.33,0.943
"Klein, John",804619,2026,19,13,0.214,0.183,0.031,0.5,0.291,0.209,0.368,0.352,0.016,4.15,5.3,-1.146
"Durán, Rodolfo",660710,2026,19,18,0.5,0.258,0.242,0.944,0.475,0.469,0.619,0.332,0.287,27.0,4.64,22.36
"Sandoval, Patrick",663776,2026,19,13,0.278,0.273,0.005,0.278,0.357,-0.0789999999999999,0.271,0.294,-0.0229999999999999,2.08,3.56,-1.483
"Corniell, Jose",692030,2026,19,14,0.412,0.205,0.207,0.941,0.447,0.4939999999999999,0.581,0.318,0.2629999999999999,13.5,4.22,9.28
"Heasley, Jonathan",669169,2026,19,17,0.421,0.352,0.069,0.842,0.791,0.0509999999999999,0.535,0.479,0.056,11.25,11.67,-0.42
"Allen, Logan",671106,2026,19,11,0.278,0.242,0.036,0.333,0.431,-0.0979999999999999,0.29,0.306,-0.016,0.0,3.88,-3.88
"Oviedo, Johan",670912,2026,18,13,0.4,0.338,0.062,0.933,0.767,0.166,0.545,0.484,0.061,9.82,12.03,-2.212
"Fleming, Josh",676596,2026,18,14,0.429,0.36,0.069,0.643,0.632,0.011,0.479,0.47,0.009,12.0,11.06,0.94
"Harvey, Hunter",640451,2026,18,13,0.294,0.216,0.0779999999999999,0.647,0.563,0.084,0.414,0.345,0.069,6.75,5.06,1.69
"Estes, Joey",683155,2026,18,13,0.313,0.237,0.076,0.75,0.351,0.399,0.43,0.263,0.1669999999999999,8.31,2.82,5.488
"Fernández, Julian",642759,2026,18,13,0.2,0.204,-0.0039999999999999,0.4,0.414,-0.0139999999999999,0.29,0.301,-0.011,2.25,3.74,-1.49
"Snell, Blake",605483,2026,18,11,0.375,0.268,0.1069999999999999,0.375,0.314,0.061,0.374,0.306,0.068,12.0,3.88,8.12
"Heineman, Tyler",623168,2026,18,17,0.412,0.458,-0.046,0.765,0.757,0.008,0.511,0.529,-0.018,13.5,15.76,-2.26
"Solesky, Chase",686678,2026,17,12,0.375,0.291,0.084,0.688,0.488,0.1999999999999999,0.466,0.353,0.113,6.0,5.34,0.66
"Eflin, Zach",621107,2026,17,8,0.267,0.202,0.065,0.533,0.404,0.129,0.381,0.307,0.074,2.46,3.9,-1.445
"Raquet, Nick",675919,2026,17,13,0.214,0.328,-0.114,0.5,0.498,0.002,0.372,0.416,-0.0439999999999999,7.36,7.96,-0.596
"Young, Danny",664849,2026,17,10,0.214,0.196,0.0179999999999999,0.5,0.512,-0.012,0.37,0.365,0.005,4.5,5.77,-1.27
"Thomas, Connor",671162,2026,17,14,0.313,0.205,0.108,0.5,0.299,0.201,0.371,0.247,0.124,9.82,2.49,7.328
"Sousa, Bennett",656986,2026,17,8,0.25,0.258,-0.008,0.25,0.298,-0.0479999999999999,0.363,0.376,-0.013,8.1,6.19,1.91
"Mederos, Victor",682989,2026,16,10,0.067,0.157,-0.09,0.067,0.262,-0.195,0.099,0.212,-0.1129999999999999,0.0,1.85,-1.85
"Wiemer, Joey",686894,2026,16,13,0.583,0.423,0.1599999999999999,0.917,0.632,0.285,0.617,0.473,0.144,22.5,11.26,11.24
"Knack, Landon",689017,2026,16,11,0.333,0.234,0.099,0.917,0.492,0.425,0.523,0.394,0.129,9.0,6.94,2.06
"Buttó, José",676130,2026,16,7,0.5,0.319,0.181,1.083,0.689,0.394,0.676,0.494,0.182,22.5,12.77,9.73
"Kerry, Brett",695049,2026,16,13,0.2,0.257,-0.0569999999999999,0.267,0.319,-0.0519999999999999,0.234,0.279,-0.045,4.5,3.19,1.31
"Brito, Jhony",666745,2026,16,12,0.2,0.18,0.02,0.4,0.285,0.115,0.283,0.231,0.0519999999999999,4.15,2.18,1.974
"Paez, Jedixson",699151,2026,16,13,0.333,0.352,-0.0189999999999999,0.833,0.786,0.0469999999999999,0.498,0.492,0.006,18.0,12.62,5.38
"Williamson, Ben",810938,2026,16,15,0.2,0.333,-0.133,0.467,0.616,-0.1489999999999999,0.306,0.422,-0.1159999999999999,4.5,8.26,-3.76
"Ramos, Wilkin",678576,2026,15,10,0.455,0.388,0.067,0.545,0.47,0.075,0.508,0.46,0.0479999999999999,22.5,10.41,12.09
"Sanmartin, Reiver",665665,2026,15,10,0.286,0.313,-0.027,0.929,0.731,0.198,0.514,0.455,0.059,8.1,10.1,-2.0
"Lee, Chase",695445,2026,15,10,0.182,0.202,-0.02,0.727,0.307,0.42,0.459,0.347,0.112,8.1,5.13,2.97
"Saucedo, Tayler",642048,2026,15,8,0.357,0.21,0.147,0.714,0.456,0.2579999999999999,0.471,0.31,0.1609999999999999,5.4,3.99,1.41
"Stratton, Hunter",676702,2026,15,12,0.4,0.403,-0.003,0.467,0.476,-0.0089999999999999,0.381,0.383,-0.002,5.4,6.48,-1.08
"Cruz, Yovanny",672442,2026,15,8,0.071,0.147,-0.076,0.143,0.248,-0.105,0.133,0.205,-0.0719999999999999,0.0,1.73,-1.73
"Peralta, Sammy",671111,2026,15,7,0.273,0.272,0.001,0.636,0.541,0.0949999999999999,0.47,0.441,0.0289999999999999,10.13,9.28,0.845
"Eder, Jake",671109,2026,15,13,0.231,0.363,-0.1319999999999999,0.308,0.746,-0.438,0.249,0.459,-0.21,2.25,10.35,-8.1
"Seelinger, Matt",676910,2026,15,9,0.455,0.226,0.229,1.0,0.495,0.505,0.634,0.409,0.225,31.5,7.62,23.88
"Duarte, Daniel",650960,2026,15,11,0.071,0.203,-0.132,0.071,0.315,-0.244,0.106,0.253,-0.147,0.0,2.61,-2.61
"Rashi, Taylor",688497,2026,15,10,0.214,0.257,-0.043,0.429,0.444,-0.015,0.301,0.326,-0.025,9.82,4.45,5.368
"Stubbs, Garrett",596117,2026,15,14,0.286,0.307,-0.021,0.286,0.491,-0.205,0.284,0.364,-0.08,5.4,5.73,-0.33
"Peoples, Ben",687239,2026,15,12,0.2,0.25,-0.0499999999999999,0.4,0.473,-0.0729999999999999,0.255,0.304,-0.0489999999999999,2.25,3.82,-1.57
"Simpson, Josh",681006,2026,15,10,0.308,0.221,0.087,0.846,0.719,0.127,0.509,0.428,0.081,9.0,8.57,0.43
"Murphy, Owen",702566,2026,14,9,0.077,0.202,-0.125,0.154,0.328,-0.174,0.142,0.26,-0.118,2.25,2.76,-0.51
"Ullola, Miguel",699044,2026,14,7,0.143,0.14,0.0029999999999999,0.143,0.159,-0.016,0.127,0.131,-0.004,0.0,0.77,-0.77
"Sanoja, Javier",691594,2026,14,11,0.273,0.229,0.044,0.455,0.507,-0.0519999999999999,0.346,0.351,-0.005,6.0,5.27,0.73
"Mautz, Brycen",802408,2026,14,10,0.333,0.249,0.084,0.417,0.339,0.0779999999999999,0.38,0.317,0.063,6.0,4.19,1.81
"Frazier, Adam",624428,2026,14,12,0.583,0.419,0.1639999999999999,0.917,0.559,0.358,0.653,0.465,0.188,18.0,10.73,7.27
"Gastelum, Luis",703725,2026,13,10,0.417,0.249,0.1679999999999999,1.083,0.631,0.4519999999999999,0.576,0.352,0.2239999999999999,6.75,5.3,1.45
"Phillips, Evan",623465,2026,13,9,0.308,0.261,0.0469999999999999,0.538,0.508,0.03,0.362,0.33,0.0319999999999999,6.0,4.58,1.42
"Wilson, Weston",642215,2026,13,13,0.462,0.432,0.03,0.923,0.764,0.159,0.588,0.51,0.0779999999999999,15.43,14.06,1.369
"Rutledge, Jackson",671131,2026,12,8,0.6,0.315,0.285,0.9,0.527,0.373,0.651,0.418,0.233,47.25,8.06,39.19
"Muñoz, Rolddy",691548,2026,12,8,0.455,0.315,0.14,0.727,0.639,0.0879999999999999,0.525,0.428,0.097,13.5,8.57,4.93
"Straw, Myles",664702,2026,12,11,0.364,0.266,0.0979999999999999,0.364,0.327,0.0369999999999999,0.355,0.296,0.059,0.0,3.61,-3.61
"Devenski, Chris",606965,2026,12,9,0.417,0.274,0.1429999999999999,0.667,0.425,0.242,0.467,0.297,0.17,7.71,3.64,4.074
"Hiraldo, Yaramil",682274,2026,12,6,0.375,0.293,0.082,1.125,0.728,0.397,0.647,0.517,0.13,21.6,14.66,6.94
"Castellano, Eiberson",682769,2026,12,9,0.364,0.354,0.01,0.455,0.445,0.01,0.388,0.376,0.012,0.0,6.19,-6.19
"Wantz, Andrew",681806,2026,11,6,0.286,0.274,0.0119999999999999,0.714,0.718,-0.004,0.526,0.518,0.008,27.0,14.75,12.25
"Velasquez, Vince",592826,2026,11,10,0.091,0.151,-0.06,0.182,0.199,-0.017,0.115,0.154,-0.0389999999999999,0.0,1.03,-1.03
"Stallings, Garrett",668831,2026,11,6,0.1,0.205,-0.1049999999999999,0.1,0.221,-0.121,0.144,0.236,-0.092,0.0,2.27,-2.27
"Higashioka, Kyle",543309,2026,11,10,0.625,0.529,0.0959999999999999,1.0,0.704,0.296,0.572,0.469,0.1029999999999999,18.0,10.99,7.01
"Uberstine, Tyler",700413,2026,11,8,0.3,0.274,0.0259999999999999,0.7,0.551,0.1489999999999999,0.445,0.378,0.067,3.38,6.27,-2.895
"Callihan, Tyler",682997,2026,11,8,0.25,0.353,-0.1029999999999999,0.25,0.541,-0.291,0.352,0.47,-0.118,0.0,11.06,-11.06
"Andrews, Tanner",681084,2026,11,8,0.111,0.135,-0.024,0.111,0.289,-0.178,0.208,0.273,-0.065,0.0,3.05,-3.05
"Koss, Christian",683766,2026,10,10,0.5,0.408,0.092,0.7,0.535,0.1649999999999999,0.519,0.407,0.112,13.5,7.53,5.97
"Richardson, Lyon",680689,2026,10,4,0.286,0.308,-0.022,1.143,1.208,-0.0649999999999999,0.621,0.649,-0.028,27.0,33.29,-6.29
"Ponce, Cody",664074,2026,10,6,0.111,0.177,-0.0659999999999999,0.222,0.277,-0.055,0.196,0.243,-0.0469999999999999,3.86,2.41,1.447
"Díaz, Yilber",700270,2026,10,9,0.778,0.542,0.236,1.444,1.097,0.347,0.915,0.692,0.2230000000000001,94.5,44.59,49.91
"Herrera, Welinton",700327,2026,10,7,0.222,0.288,-0.0659999999999999,0.222,0.387,-0.165,0.248,0.334,-0.086,0.0,4.7,-4.7
"McDermott, Chayce",694646,2026,10,9,0.3,0.24,0.06,0.8,0.384,0.416,0.452,0.264,0.188,7.71,2.84,4.874
"Kriske, Brooks",621139,2026,10,8,0.2,0.249,-0.0489999999999999,0.2,0.319,-0.119,0.178,0.244,-0.066,0.0,2.43,-2.43
"Mateo, Jorge",622761,2026,10,9,0.444,0.363,0.081,0.444,0.42,0.024,0.426,0.377,0.0489999999999999,4.5,6.23,-1.73
"Bivens, Spencer",702352,2026,10,6,0.333,0.204,0.129,0.333,0.255,0.078,0.337,0.25,0.087,0.0,2.55,-2.55
"Juenger, Hayden",696522,2026,10,8,0.286,0.325,-0.039,0.429,0.743,-0.314,0.355,0.492,-0.137,13.5,12.62,0.88
"Del Castillo, Adrian",680728,2026,10,9,0.444,0.496,-0.0519999999999999,0.444,0.749,-0.305,0.429,0.551,-0.122,5.4,18.0,-12.6
"Grove, Michael",675627,2026,10,6,0.1,0.233,-0.133,0.1,0.477,-0.377,0.089,0.301,-0.212,0.0,3.74,-3.74
"Blach, Ty",621389,2026,9,7,0.111,0.292,-0.181,0.111,0.338,-0.227,0.099,0.269,-0.17,0.0,2.96,-2.96
"Kennedy, Buddy",671083,2026,9,7,0.667,0.409,0.258,1.0,0.634,0.366,0.633,0.515,0.118,36.0,14.49,21.51
"Santos, Winston",692437,2026,9,7,0.25,0.285,-0.0349999999999999,0.625,0.545,0.0799999999999999,0.403,0.388,0.015,9.0,6.68,2.32
"Nikhazy, Doug",680951,2026,9,6,0.143,0.19,-0.047,0.143,0.208,-0.065,0.254,0.291,-0.0369999999999999,4.5,3.48,1.02
"Go, Woo-Suk",808970,2026,9,7,0.25,0.243,0.007,0.625,0.38,0.245,0.403,0.316,0.087,4.5,4.16,0.34
"Criswell, Jeff",676105,2026,9,5,0.143,0.245,-0.102,0.143,0.316,-0.173,0.254,0.344,-0.0899999999999999,0.0,5.03,-5.03
"Brzykcy, Zach",694350,2026,9,5,0.143,0.161,-0.018,0.286,0.179,0.1069999999999999,0.295,0.269,0.0259999999999999,4.5,2.96,1.54
"Moore, Dylan",664238,2026,8,6,0.167,0.235,-0.0679999999999999,0.167,0.324,-0.157,0.29,0.379,-0.089,5.4,6.31,-0.91
"Hedges, Austin",595978,2026,8,8,0.5,0.369,0.131,0.5,0.471,0.029,0.445,0.36,0.085,13.5,5.59,7.91
"Torres, Bryan",663494,2026,8,7,0.143,0.48,-0.3369999999999999,0.143,0.642,-0.499,0.199,0.516,-0.317,0.0,14.57,-14.57
"White, Josh",687985,2026,8,2,0.333,0.34,-0.007,1.333,1.342,-0.0090000000000001,0.696,0.693,0.003,67.5,44.9,22.6
"Castro, Kervin",665645,2026,8,6,0.25,0.337,-0.087,0.375,0.392,-0.017,0.269,0.318,-0.0489999999999999,4.5,4.22,0.28
"Strowd, Kade",669704,2026,7,3,0.25,0.386,-0.136,0.25,0.456,-0.206,0.427,0.51,-0.083,9.0,14.06,-5.06
"Estévez, Carlos",608032,2026,7,5,0.8,0.494,0.306,1.4,0.917,0.4829999999999999,0.873,0.628,0.245,162.0,29.04,132.96
"Cosgrove, Tom",676680,2026,7,4,0.167,0.165,0.002,0.167,0.215,-0.0479999999999999,0.227,0.243,-0.0159999999999999,0.0,2.41,-2.41
"Yean, Eddy",678868,2026,7,3,0.0,0.074,-0.074,0.0,0.089,-0.089,0.1,0.16,-0.06,0.0,1.1,-1.1
"Curry, Xzavion",675540,2026,6,4,0.2,0.289,-0.0889999999999999,0.4,0.356,0.044,0.326,0.352,-0.0259999999999999,6.75,5.3,1.45
"Vargas, Ildemaro",545121,2026,6,4,0.0,0.179,-0.179,0.0,0.202,-0.202,0.233,0.347,-0.1139999999999999,0.0,5.13,-5.13
"Rogers, Jake",668670,2026,6,5,0.333,0.366,-0.0329999999999999,0.333,0.427,-0.0939999999999999,0.297,0.345,-0.0479999999999999,0.0,5.06,-5.06
"Burgos, Juan",686228,2026,6,6,0.333,0.146,0.187,0.5,0.228,0.272,0.358,0.159,0.1989999999999999,6.75,1.09,5.66
"McGee, Easton",668834,2026,6,4,0.2,0.335,-0.135,0.4,0.501,-0.1009999999999999,0.326,0.415,-0.0889999999999999,0.0,7.91,-7.91
"Vivas, Jorbit",678391,2026,6,6,0.667,0.514,0.153,1.0,1.072,-0.072,0.716,0.664,0.0519999999999999,40.5,36.78,3.72
"Marte, Yunior",628708,2026,6,3,0.75,0.537,0.2129999999999999,1.0,0.654,0.346,0.754,0.561,0.1929999999999999,108.0,19.13,88.87
"Acuña, Luisangel",682668,2026,6,5,0.4,0.279,0.121,1.0,0.41,0.5900000000000001,0.605,0.361,0.244,9.0,5.62,3.38
"Jackson, Alex",656577,2026,6,5,0.4,0.128,0.272,1.6,0.372,1.2280000000000002,0.797,0.288,0.5090000000000001,27.0,3.41,23.59
"Little, Luke",681432,2026,5,4,0.4,0.338,0.062,1.0,0.932,0.0679999999999999,0.586,0.527,0.0589999999999999,9.0,15.57,-6.57
"Schuemann, Max",680474,2026,5,4,0.25,0.387,-0.137,0.25,0.447,-0.197,0.318,0.431,-0.1129999999999999,0.0,8.73,-8.73
"Kelly, Carson",608348,2026,5,5,0.4,0.287,0.113,1.6,1.092,0.508,0.817,0.557,0.2599999999999999,18.0,18.67,-0.67
"Arcia, Orlando",606115,2026,5,3,0.333,0.234,0.099,0.333,0.286,0.047,0.458,0.412,0.046,9.0,7.77,1.23
"Ríos, Yacksel",605441,2026,5,3,0.0,0.345,-0.345,0.0,0.43,-0.43,0.0,0.335,-0.335,0.0,4.73,-4.73
"Brooks, Aaron",605156,2026,4,2,0.5,0.189,0.311,2.0,0.556,1.444,0.86,0.503,0.357,81.0,13.48,67.52
"Zuñiga, Guillo",670871,2026,4,2,0.0,0.019,-0.019,0.0,0.019,-0.019,0.175,0.187,-0.012,0.0,1.46,-1.46
"Espada, Jose",664744,2026,4,4,0.5,0.364,0.136,0.5,0.412,0.088,0.445,0.34,0.1049999999999999,0.0,4.9,-4.9
"Salazar, César",663967,2026,4,4,0.25,0.084,0.1659999999999999,1.0,0.253,0.747,0.511,0.137,0.374,9.0,0.84,8.16
"Torrens, Luis",620443,2026,3,3,0.667,0.446,0.221,1.667,0.707,0.96,0.977,0.494,0.483,27.0,12.77,14.23
"Haggerty, Sam",664059,2026,3,2,0.0,0.057,-0.057,0.0,0.063,-0.063,0.243,0.278,-0.035,0.0,3.16,-3.16
"Higgins, P.J.",664731,2026,3,2,0.0,0.03,-0.03,0.0,0.045,-0.045,0.0,0.034,-0.034,0.0,0.09,-0.09
"McGuire, Reese",624512,2026,3,3,0.0,0.017,-0.017,0.0,0.046,-0.046,0.0,0.027,-0.027,0.0,0.06,-0.06
"Cannon, Jonathan",686563,2026,3,0,,,,,,,0.699,0.699,0.0,,46.85,
"Davitt, Duncan",701474,2026,3,2,0.0,0.507,-0.507,0.0,1.031,-1.031,0.233,0.666,-0.433,0.0,37.28,-37.28
"Short, Zack",670097,2026,3,3,0.0,0.209,-0.209,0.0,0.249,-0.249,0.0,0.204,-0.204,0.0,1.72,-1.72
"Weston, Cameron",687721,2026,3,1,0.0,0.241,-0.241,0.0,0.262,-0.262,0.233,0.382,-0.149,0.0,6.43,-6.43
"Meyers, Jake",676694,2026,3,3,0.0,0.407,-0.407,0.0,0.459,-0.459,0.0,0.382,-0.382,0.0,6.43,-6.43
"La Sorsa, Joe",686747,2026,2,1,0.5,0.4,0.0999999999999999,2.0,1.544,0.4559999999999999,1.021,0.797,0.2239999999999998,27.0,103.0,-76.0
