player_name,player_id,year,xwoba,xba,xslg,xiso,xobp,brl,brl_percent,exit_velocity,max_ev,hard_hit_percent,k_percent,bb_percent,whiff_percent,chase_percent,arm_strength,xera,fb_velocity,fb_spin,curve_spin
"Black, Mason",696131,2026,,,,,,,,,68,,,,,,,,44.0,20.0,
"Kilian, Caleb",668873,2026,73.0,78.0,73.0,63.0,68.0,67.0,52.0,77.0,59,70.0,78.0,26.0,65.0,62.0,,73.0,82.0,79.0,66.0
"Martin, Riley",702303,2026,,,,,,,,,73,,,,,,,,49.0,83.0,
"Morales, Luis",806960,2026,,,,,,,,,49,,,,,,,,78.0,77.0,
"Martin, Corbin",656686,2026,,,,,,,,,81,,,,,,,,57.0,92.0,
"Morgan, David",688158,2026,,,,,,,,,59,,,,,,,,87.0,70.0,50.0
"Webb, Logan",657277,2026,55.0,29.0,54.0,71.0,57.0,31.0,85.0,53.0,10,39.0,28.0,83.0,13.0,87.0,,55.0,16.0,2.0,
"McLean, Nolan",690997,2026,73.0,81.0,85.0,79.0,65.0,28.0,68.0,74.0,43,73.0,87.0,46.0,48.0,31.0,,73.0,68.0,40.0,100.0
"Ohtani, Shohei",660271,2026,94.0,89.0,96.0,95.0,88.0,67.0,93.0,77.0,40,80.0,83.0,62.0,84.0,48.0,,94.0,93.0,89.0,59.0
"Nunez, Anthony",689296,2026,43.0,50.0,33.0,26.0,49.0,58.0,46.0,64.0,46,49.0,58.0,40.0,94.0,92.0,,43.0,74.0,96.0,
"Petersen, Michael",656848,2026,78.0,96.0,66.0,21.0,89.0,45.0,7.0,8.0,44,16.0,93.0,29.0,76.0,62.0,,78.0,93.0,74.0,
"Kerkering, Orion",689147,2026,90.0,99.0,97.0,90.0,70.0,82.0,77.0,99.0,37,99.0,71.0,7.0,71.0,28.0,,90.0,89.0,66.0,
"Headrick, Brent",687396,2026,93.0,85.0,91.0,90.0,90.0,82.0,88.0,79.0,62,67.0,94.0,53.0,95.0,84.0,,93.0,42.0,71.0,
"Senzatela, Antonio",622608,2026,70.0,48.0,69.0,79.0,65.0,58.0,73.0,64.0,28,36.0,42.0,60.0,49.0,58.0,,70.0,87.0,52.0,37.0
"Winn, Keaton",676775,2026,67.0,56.0,70.0,76.0,59.0,92.0,90.0,93.0,68,96.0,28.0,55.0,26.0,34.0,,67.0,76.0,65.0,
"Parker, Mitchell",680730,2026,16.0,13.0,13.0,15.0,27.0,49.0,36.0,8.0,29,29.0,26.0,68.0,71.0,68.0,,16.0,34.0,23.0,7.0
"Rodriguez, Grayson",680570,2026,1.0,1.0,1.0,4.0,2.0,45.0,16.0,1.0,14,1.0,9.0,26.0,21.0,1.0,,1.0,77.0,51.0,66.0
"Ross, Joe",605452,2026,,,,,,,,,73,,,,,,,,67.0,18.0,
"Alvarez, Andrew",674841,2026,32.0,20.0,51.0,73.0,16.0,58.0,76.0,22.0,2,12.0,55.0,21.0,61.0,56.0,,32.0,16.0,56.0,68.0
"Miller, Bryce",682243,2026,98.0,91.0,82.0,67.0,99.0,49.0,58.0,90.0,36,95.0,91.0,99.0,77.0,95.0,,98.0,77.0,95.0,
"Curvelo, Luis",681168,2026,,,,,,,,,6,,,,,,,,53.0,56.0,
"Anderson, Shaun",641312,2026,,,,,,,,,37,,,,,,,,30.0,94.0,
"Hudson, Bryan",663542,2026,78.0,66.0,89.0,96.0,58.0,92.0,95.0,67.0,49,69.0,51.0,44.0,42.0,2.0,,78.0,12.0,31.0,
"Hoffmann, Andrew",694851,2026,,,,,,,,,47,,,,,,,,49.0,48.0,
"Hentges, Sam",656529,2026,,,,,,,,,56,,,,,,,,36.0,20.0,14.0
"Thielbar, Caleb",573204,2026,,,,,,,,,20,,,,,,,,28.0,58.0,50.0
"Junk, Janson",676083,2026,45.0,33.0,33.0,37.0,60.0,35.0,54.0,22.0,11,30.0,14.0,77.0,3.0,27.0,,45.0,44.0,60.0,34.0
"Taylor, Grant",691799,2026,99.0,98.0,98.0,95.0,98.0,67.0,64.0,42.0,69,36.0,98.0,53.0,83.0,89.0,,99.0,95.0,72.0,37.0
"Boyle, Joe",671212,2026,,,,,,,,,71,,,,,,,,89.0,94.0,
"Bennett, Jake",687562,2026,84.0,60.0,62.0,62.0,93.0,54.0,80.0,77.0,3,60.0,20.0,99.0,40.0,98.0,,84.0,23.0,11.0,
"Estrada, Lazaro",681751,2026,,,,,,,,,84,,,,,,,,23.0,43.0,
"Romano, Jordan",605447,2026,,,,,,,,,78,,,,,,,,46.0,65.0,
"Keller, Brad",641745,2026,75.0,68.0,89.0,95.0,59.0,92.0,89.0,96.0,75,89.0,57.0,33.0,29.0,26.0,,75.0,86.0,73.0,
"Blackburn, Paul",621112,2026,69.0,62.0,72.0,75.0,68.0,54.0,65.0,93.0,31,88.0,30.0,47.0,21.0,16.0,,69.0,46.0,9.0,70.0
"Jacob, Alek",689690,2026,,,,,,,,,85,,,,,,,,1.0,49.0,
"Uribe, Abner",682842,2026,89.0,66.0,92.0,99.0,70.0,99.0,99.0,67.0,24,87.0,68.0,40.0,59.0,36.0,,89.0,97.0,55.0,
"Gonzalez, Domingo",682445,2026,,,,,,,,,59,,,,,,,,25.0,38.0,
"McDonald, Trevor",686790,2026,51.0,43.0,69.0,83.0,30.0,58.0,90.0,47.0,10,55.0,20.0,66.0,20.0,40.0,,51.0,30.0,50.0,
"Okert, Steven",595345,2026,95.0,95.0,88.0,68.0,98.0,82.0,88.0,87.0,48,94.0,79.0,82.0,84.0,43.0,,95.0,8.0,37.0,
"Barco, Hunter",682995,2026,,,,,,,,,27,,,,,,,,42.0,39.0,
"Lugo, Seth",607625,2026,10.0,9.0,7.0,10.0,23.0,2.0,24.0,10.0,36,12.0,24.0,62.0,6.0,5.0,,10.0,11.0,60.0,99.0
"Gausman, Kevin",592332,2026,52.0,41.0,39.0,39.0,67.0,8.0,41.0,56.0,27,45.0,58.0,76.0,65.0,84.0,,52.0,39.0,46.0,
"Chandler, Bubba",696149,2026,54.0,76.0,69.0,60.0,36.0,28.0,73.0,44.0,7,59.0,34.0,10.0,34.0,41.0,,54.0,96.0,80.0,29.0
"Baz, Shane",669358,2026,43.0,27.0,41.0,55.0,42.0,13.0,58.0,19.0,1,28.0,36.0,52.0,23.0,49.0,,43.0,74.0,78.0,57.0
"Iglesias, Raisel",628452,2026,90.0,78.0,75.0,68.0,95.0,73.0,45.0,71.0,33,69.0,90.0,94.0,85.0,99.0,,90.0,51.0,66.0,
"Bubic, Kris",663460,2026,35.0,50.0,46.0,44.0,23.0,54.0,46.0,37.0,11,43.0,64.0,10.0,57.0,31.0,,35.0,12.0,76.0,
"Ginkel, Kevin",656464,2026,67.0,62.0,60.0,59.0,78.0,49.0,21.0,22.0,72,19.0,68.0,70.0,87.0,93.0,,67.0,64.0,80.0,
"Ahlstrom, Robby",695239,2026,,,,,,,,,47,,,,,,,,49.0,21.0,
"Rock, Joe",697812,2026,,,,,,,,,61,,,,,,,,30.0,72.0,
"Agnos, Zach",688642,2026,6.0,2.0,9.0,22.0,6.0,28.0,38.0,42.0,43,27.0,3.0,49.0,15.0,80.0,,6.0,44.0,64.0,
"Flaherty, Jack",656427,2026,37.0,56.0,47.0,41.0,30.0,23.0,38.0,13.0,16,6.0,73.0,21.0,65.0,21.0,,37.0,21.0,38.0,21.0
"Pomeranz, Drew",519141,2026,12.0,17.0,12.0,11.0,6.0,58.0,27.0,56.0,57,59.0,2.0,14.0,2.0,13.0,,12.0,15.0,99.0,7.0
"Gil, Luis",661563,2026,,,,,,,,,11,,,,,,,,57.0,86.0,
"Gray, Peyton",682608,2026,85.0,68.0,84.0,88.0,74.0,82.0,80.0,91.0,51,84.0,62.0,64.0,49.0,76.0,,85.0,24.0,65.0,
"Pop, Zach",647315,2026,,,,,,,,,72,,,,,,,,78.0,23.0,
"Eisert, Brandon",685126,2026,63.0,64.0,54.0,48.0,71.0,73.0,44.0,44.0,47,51.0,75.0,44.0,85.0,52.0,,63.0,3.0,11.0,
"Scott, Christian",681035,2026,54.0,70.0,64.0,59.0,42.0,49.0,61.0,73.0,22,79.0,87.0,21.0,55.0,18.0,,54.0,64.0,54.0,63.0
"Cabrera, Edward",665795,2026,23.0,21.0,24.0,26.0,27.0,13.0,7.0,4.0,5,23.0,39.0,36.0,59.0,73.0,,23.0,79.0,38.0,34.0
"Trivino III, Lou",642152,2026,,,,,,,,,87,,,,,,,,59.0,8.0,
"Abel, Mick",690953,2026,,,,,,,,,63,,,,,,,,53.0,94.0,
"Kelly, Zack",677161,2026,,,,,,,,,35,,,,,,,,76.0,27.0,
"Slaten, Justin",686580,2026,,,,,,,,,61,,,,,,,,83.0,88.0,
"Vest, Will",676684,2026,,,,,,,,,24,,,,,,,,72.0,36.0,
"Walker, Taijuan",592836,2026,,,,,,,,,67,,,,,,,,12.0,3.0,16.0
"Baumler, Carter",691945,2026,,,,,,,,,81,,,,,,,,,,35.0
"Valdez, Framber",664285,2026,41.0,36.0,46.0,55.0,37.0,20.0,68.0,33.0,30,30.0,20.0,58.0,17.0,72.0,,41.0,41.0,25.0,90.0
"Bird, Jake",656234,2026,21.0,33.0,21.0,18.0,25.0,58.0,18.0,37.0,18,54.0,46.0,58.0,62.0,1.0,,21.0,49.0,70.0,88.0
"Palmquist, Carson",687223,2026,,,,,,,,,93,,,,,,,,6.0,20.0,
"Cruz, Steven",674444,2026,50.0,65.0,43.0,28.0,45.0,49.0,3.0,35.0,25,69.0,87.0,20.0,93.0,13.0,,50.0,95.0,34.0,
"Kempner, William",687531,2026,,,,,,,,,85,,,,,,,,60.0,75.0,
"McCullers Jr., Lance",621121,2026,37.0,52.0,53.0,53.0,21.0,58.0,44.0,5.0,31,2.0,70.0,11.0,72.0,15.0,,37.0,10.0,10.0,82.0
"Blubaugh, AJ",805123,2026,50.0,76.0,55.0,39.0,49.0,40.0,41.0,37.0,32,65.0,65.0,15.0,72.0,38.0,,50.0,72.0,42.0,
"Henderson, Logan",701656,2026,91.0,81.0,76.0,65.0,96.0,67.0,35.0,74.0,84,62.0,96.0,96.0,69.0,45.0,,91.0,26.0,75.0,
"Woods Richardson, Simeon",680573,2026,4.0,8.0,10.0,16.0,3.0,31.0,36.0,22.0,24,19.0,1.0,13.0,5.0,1.0,,4.0,21.0,32.0,50.0
"Zerpa, Angel",672582,2026,,,,,,,,,8,,,,,,,,69.0,5.0,
"Davis, Tyler",699823,2026,,,,,,,,,68,,,,,,,,78.0,85.0,
"Patrick, Chad",694477,2026,51.0,41.0,44.0,47.0,53.0,38.0,61.0,42.0,2,51.0,40.0,41.0,60.0,66.0,,51.0,63.0,39.0,
"Faucher, Calvin",676534,2026,26.0,27.0,70.0,89.0,3.0,82.0,87.0,40.0,37,23.0,47.0,4.0,46.0,13.0,,26.0,79.0,64.0,94.0
"Gordon, Tanner",685299,2026,26.0,23.0,7.0,4.0,65.0,21.0,8.0,5.0,36,15.0,32.0,96.0,28.0,31.0,,26.0,21.0,34.0,8.0
"Basso, Brady",669620,2026,,,,,,,,,23,,,,,,,,30.0,44.0,
"King, John",667463,2026,76.0,84.0,68.0,45.0,83.0,58.0,33.0,44.0,53,65.0,32.0,78.0,42.0,87.0,,76.0,5.0,25.0,86.0
"Warren, Austin",681810,2026,13.0,25.0,25.0,24.0,8.0,42.0,2.0,21.0,6,24.0,55.0,16.0,57.0,15.0,,13.0,41.0,62.0,76.0
"Burrows, Mike",681347,2026,25.0,21.0,23.0,24.0,33.0,12.0,38.0,59.0,13,49.0,16.0,52.0,23.0,71.0,,25.0,55.0,38.0,92.0
"Pérez, Eury",691587,2026,52.0,83.0,46.0,18.0,63.0,10.0,5.0,60.0,16,43.0,84.0,28.0,76.0,70.0,,52.0,94.0,99.0,73.0
"Sasaki, Roki",808963,2026,32.0,45.0,29.0,21.0,41.0,7.0,6.0,17.0,4,12.0,48.0,40.0,74.0,66.0,,32.0,93.0,40.0,
"Poulin, PJ",676571,2026,12.0,30.0,21.0,18.0,6.0,54.0,21.0,4.0,59,13.0,10.0,5.0,1.0,2.0,,12.0,2.0,17.0,
"Murray, Jayden",681151,2026,,,,,,,,,62,,,,,,,,64.0,88.0,
"Kelly, Kevin",687330,2026,48.0,9.0,44.0,76.0,45.0,58.0,61.0,26.0,20,7.0,30.0,98.0,4.0,68.0,,48.0,11.0,6.0,
"Waguespack, Jacob",621097,2026,,,,,,,,,76,,,,,,,,25.0,19.0,
"Sims, Lucas",608371,2026,,,,,,,,,88,,,,,,,,42.0,96.0,
"Zeferjahn, Ryan",666171,2026,85.0,100.0,98.0,85.0,49.0,82.0,73.0,49.0,72,75.0,96.0,4.0,97.0,2.0,,85.0,87.0,32.0,
"Murphy, Chris",669684,2026,,,,,,,,,73,,,,,,,,76.0,80.0,47.0
"Palencia, Daniel",694037,2026,,,,,,,,,73,,,,,,,,99.0,73.0,
"Fluharty, Mason",689254,2026,84.0,88.0,79.0,61.0,81.0,58.0,43.0,92.0,31,82.0,76.0,31.0,74.0,86.0,,84.0,,,
"Nardi, Andrew",677053,2026,,,,,,,,,53,,,,,,,,51.0,79.0,
"Marinaccio, Ron",676760,2026,27.0,29.0,30.0,33.0,29.0,49.0,48.0,49.0,18,41.0,24.0,42.0,54.0,15.0,,27.0,38.0,24.0,
"Franco, Jose",683742,2026,,,,,,,,,66,,,,,,,,60.0,72.0,
"Lowder, Rhett",695076,2026,7.0,11.0,11.0,15.0,8.0,21.0,25.0,11.0,22,41.0,19.0,24.0,13.0,12.0,,7.0,25.0,42.0,
"Pallante, Andre",669467,2026,65.0,50.0,58.0,65.0,66.0,23.0,74.0,73.0,1,76.0,12.0,73.0,12.0,12.0,,65.0,64.0,30.0,80.0
"Hartlieb, Geoff",664129,2026,,,,,,,,,69,,,,,,,,51.0,46.0,
"Holderman, Colin",670059,2026,84.0,89.0,88.0,79.0,75.0,73.0,46.0,71.0,51,4.0,78.0,34.0,68.0,43.0,,84.0,87.0,46.0,74.0
"Scholtens, Jesse",669947,2026,17.0,14.0,11.0,12.0,30.0,42.0,11.0,60.0,61,57.0,20.0,78.0,9.0,44.0,,17.0,21.0,31.0,
"Natera Jr., Samy",696519,2026,,,,,,,,,56,,,,,,,,49.0,60.0,
"Martinez, Nick",607259,2026,30.0,7.0,23.0,39.0,49.0,12.0,55.0,80.0,31,84.0,3.0,98.0,3.0,68.0,,30.0,21.0,52.0,38.0
"Rea, Colin",607067,2026,8.0,10.0,7.0,10.0,17.0,2.0,13.0,35.0,25,41.0,15.0,53.0,14.0,55.0,,8.0,30.0,23.0,3.0
"Banks, Tanner",621383,2026,37.0,23.0,32.0,43.0,37.0,73.0,58.0,77.0,75,81.0,44.0,42.0,34.0,65.0,,37.0,12.0,6.0,
"Klein, Will",694361,2026,74.0,55.0,91.0,99.0,38.0,96.0,98.0,47.0,19,54.0,73.0,24.0,36.0,45.0,,74.0,92.0,33.0,32.0
"Beeter, Clayton",690925,2026,,,,,,,,,81,,,,,,,,69.0,84.0,
"Ray, Robbie",592662,2026,30.0,52.0,30.0,19.0,36.0,7.0,25.0,42.0,21,52.0,35.0,15.0,48.0,31.0,,30.0,27.0,57.0,2.0
"Nance, Tommy",667297,2026,39.0,33.0,36.0,45.0,34.0,73.0,61.0,67.0,46,71.0,66.0,26.0,53.0,91.0,,39.0,51.0,45.0,86.0
"Davila, Nick",689546,2026,,,,,,,,,65,,,,,,,,55.0,6.0,
"King, Michael",650633,2026,32.0,43.0,39.0,38.0,26.0,8.0,36.0,73.0,8,79.0,39.0,28.0,52.0,38.0,,32.0,30.0,48.0,
"Romero, JoJo",668941,2026,24.0,23.0,26.0,28.0,20.0,54.0,42.0,4.0,32,18.0,50.0,47.0,36.0,24.0,,24.0,39.0,31.0,
"Orze, Eric",679358,2026,50.0,35.0,64.0,81.0,21.0,58.0,58.0,91.0,17,96.0,26.0,20.0,24.0,27.0,,50.0,24.0,47.0,91.0
"Avila, Luinder",679883,2026,26.0,41.0,46.0,50.0,15.0,49.0,73.0,67.0,56,71.0,38.0,9.0,40.0,24.0,,26.0,79.0,89.0,71.0
"Smith, Burch",572143,2026,,,,,,,,,71,,,,,,,,38.0,69.0,30.0
"Ferguson, Tyler",621053,2026,,,,,,,,,63,,,,,,,,67.0,60.0,
"Kochanowicz, Jack",686799,2026,8.0,12.0,23.0,33.0,3.0,38.0,51.0,37.0,37,22.0,9.0,12.0,36.0,8.0,,8.0,74.0,29.0,
"Suter, Brent",608718,2026,45.0,19.0,36.0,53.0,49.0,54.0,76.0,93.0,49,96.0,35.0,80.0,28.0,41.0,,45.0,1.0,17.0,
"Ashby, Aaron",676879,2026,87.0,88.0,94.0,94.0,68.0,73.0,88.0,71.0,1,43.0,95.0,16.0,90.0,52.0,,87.0,92.0,12.0,71.0
"Garcia, Rico",670329,2026,88.0,85.0,77.0,60.0,89.0,73.0,68.0,92.0,66,75.0,76.0,49.0,95.0,18.0,,88.0,64.0,93.0,31.0
"Cease, Dylan",656302,2026,89.0,92.0,93.0,89.0,79.0,45.0,83.0,95.0,18,84.0,99.0,23.0,97.0,76.0,,89.0,91.0,90.0,68.0
"Suarez, Robert",663158,2026,,,,,,,,,78,,,,,,,,97.0,84.0,
"Jump, Gage",695611,2026,45.0,30.0,43.0,55.0,38.0,54.0,71.0,17.0,14,18.0,67.0,47.0,36.0,65.0,,45.0,79.0,73.0,53.0
"Feltner, Ryan",663372,2026,5.0,17.0,2.0,2.0,21.0,18.0,9.0,60.0,43,33.0,15.0,30.0,49.0,12.0,,5.0,53.0,76.0,61.0
"Svanson, Matt",694335,2026,9.0,5.0,15.0,32.0,8.0,58.0,58.0,7.0,55,10.0,40.0,28.0,7.0,5.0,,9.0,79.0,44.0,
"Schreiber, John",670167,2026,30.0,21.0,21.0,23.0,27.0,58.0,44.0,26.0,51,27.0,16.0,34.0,32.0,21.0,,30.0,30.0,45.0,
"Estrada, Jeremiah",669093,2026,,,,,,,,,89,,,,,,,,73.0,14.0,
"Thornton, Zac",804267,2026,,,,,,,,,82,,,,,,,,18.0,57.0,
"López, Reynaldo",625643,2026,23.0,23.0,25.0,26.0,25.0,38.0,46.0,74.0,10,68.0,40.0,29.0,29.0,21.0,,23.0,48.0,8.0,11.0
"Severino, Luis",622663,2026,43.0,62.0,51.0,43.0,38.0,38.0,33.0,49.0,14,49.0,59.0,17.0,33.0,60.0,,43.0,82.0,27.0,
"Pearson, Nate",663878,2026,,,,,,,,,53,,,,,,,,92.0,54.0,
"Hader, Josh",623352,2026,,,,,,,,,89,,,,,,,,60.0,48.0,
"Montgomery, Mason",682254,2026,86.0,91.0,89.0,81.0,79.0,67.0,30.0,85.0,21,41.0,98.0,19.0,90.0,48.0,,86.0,95.0,34.0,64.0
"Hurt, Kyle",669165,2026,62.0,75.0,77.0,71.0,40.0,82.0,55.0,42.0,61,32.0,80.0,10.0,96.0,41.0,,62.0,80.0,10.0,
"Williamson, Brandon",682227,2026,1.0,11.0,6.0,7.0,1.0,58.0,13.0,62.0,41,29.0,6.0,2.0,42.0,4.0,,1.0,21.0,18.0,
"Beeks, Jalen",656222,2026,,,,,,,,,1,,,,,,,,30.0,21.0,
"Harris, Hogan",663687,2026,74.0,92.0,93.0,88.0,43.0,82.0,83.0,90.0,51,93.0,91.0,5.0,66.0,2.0,,74.0,60.0,61.0,58.0
"McClanahan, Shane",663556,2026,48.0,46.0,40.0,37.0,57.0,18.0,30.0,37.0,28,34.0,48.0,53.0,60.0,65.0,,48.0,69.0,34.0,39.0
"Civale, Aaron",650644,2026,13.0,9.0,8.0,10.0,29.0,10.0,15.0,11.0,29,6.0,12.0,70.0,11.0,50.0,,13.0,8.0,65.0,95.0
"Junis, Jakob",596001,2026,62.0,20.0,52.0,77.0,60.0,92.0,95.0,84.0,28,78.0,26.0,99.0,9.0,46.0,,62.0,15.0,13.0,
"Chapman, Aroldis",547973,2026,86.0,91.0,92.0,88.0,73.0,82.0,51.0,62.0,16,52.0,90.0,15.0,77.0,81.0,,86.0,91.0,88.0,
"Rogers, Taylor",573124,2026,39.0,30.0,54.0,70.0,26.0,73.0,74.0,93.0,55,97.0,21.0,38.0,4.0,17.0,,39.0,12.0,17.0,
"Little, Brendon",663893,2026,,,,,,,,,41,,,,,,,,57.0,6.0,
"Cleavinger, Garrett",664076,2026,,,,,,,,,31,,,,,,,,72.0,78.0,
"Mize, Casey",663554,2026,84.0,70.0,74.0,71.0,90.0,40.0,70.0,57.0,49,68.0,71.0,87.0,77.0,44.0,,84.0,34.0,49.0,
"Mejia, Juan",675848,2026,46.0,38.0,61.0,77.0,20.0,90.0,93.0,26.0,49,37.0,49.0,17.0,64.0,67.0,,46.0,89.0,90.0,
"Sterner, Justin",686993,2026,68.0,70.0,44.0,24.0,85.0,45.0,26.0,17.0,29,10.0,42.0,70.0,82.0,82.0,,68.0,33.0,67.0,
"Bazardo, Eduard",660825,2026,48.0,36.0,41.0,49.0,53.0,49.0,30.0,15.0,49,45.0,58.0,62.0,24.0,26.0,,48.0,64.0,32.0,
"Alvarado, José",621237,2026,72.0,70.0,83.0,87.0,52.0,92.0,92.0,79.0,23,98.0,90.0,53.0,81.0,91.0,,72.0,95.0,5.0,
"Rucker, Michael",621074,2026,,,,,,,,,65,,,,,,,,69.0,63.0,78.0
"Wicks, Jordan",696136,2026,,,,,,,,,16,,,,,,,,27.0,48.0,
"Schultz, Paxton",687606,2026,26.0,20.0,18.0,18.0,37.0,58.0,27.0,7.0,68,58.0,42.0,60.0,7.0,10.0,,26.0,34.0,41.0,
"Elder, Bryce",693821,2026,58.0,43.0,49.0,53.0,66.0,23.0,76.0,22.0,20,38.0,31.0,68.0,29.0,41.0,,58.0,12.0,18.0,
"Weiss, Ryan",680802,2026,3.0,15.0,5.0,5.0,2.0,58.0,10.0,17.0,59,2.0,49.0,3.0,38.0,36.0,,3.0,53.0,82.0,
"Pintaro, Jonathan",702752,2026,,,,,,,,,33,,,,,,,,63.0,53.0,
"Burke, Sean",680732,2026,67.0,68.0,66.0,60.0,74.0,20.0,51.0,52.0,16,71.0,73.0,66.0,46.0,73.0,,67.0,55.0,95.0,28.0
"Corbin, Patrick",571578,2026,10.0,4.0,12.0,27.0,13.0,23.0,49.0,57.0,8,27.0,15.0,76.0,17.0,55.0,,10.0,8.0,9.0,
"Zuber, Tyler",676604,2026,,,,,,,,,78,,,,,,,,57.0,69.0,
"Hart, Kyle",606996,2026,63.0,73.0,57.0,47.0,66.0,73.0,58.0,85.0,6,95.0,36.0,52.0,6.0,24.0,,63.0,38.0,30.0,
"Pivetta, Nick",601713,2026,,,,,,,,,86,,,,,,,,42.0,68.0,78.0
"Anderson, Drew",623454,2026,78.0,86.0,83.0,71.0,74.0,45.0,46.0,15.0,5,41.0,86.0,36.0,82.0,86.0,,78.0,72.0,48.0,69.0
"Matz, Steven",571927,2026,5.0,4.0,3.0,7.0,15.0,20.0,3.0,53.0,6,65.0,17.0,52.0,20.0,20.0,,5.0,29.0,31.0,8.0
"Madden, Ty",680744,2026,,,,,,,,,49,,,,,,,,24.0,56.0,
"Roa, Christian",685005,2026,,,,,,,,,33,,,,,,,,74.0,11.0,
"Glasnow, Tyler",607192,2026,95.0,98.0,86.0,55.0,97.0,73.0,43.0,15.0,67,52.0,96.0,44.0,81.0,41.0,,95.0,68.0,94.0,83.0
"Ekness, Josh",694795,2026,,,,,,,,,67,,,,,,,,89.0,95.0,
"Gibson, Trey",694346,2026,1.0,4.0,5.0,11.0,1.0,54.0,21.0,5.0,23,4.0,22.0,2.0,30.0,22.0,,1.0,57.0,4.0,27.0
"Fairbanks, Pete",664126,2026,17.0,56.0,10.0,3.0,34.0,49.0,1.0,1.0,5,12.0,91.0,26.0,78.0,84.0,,17.0,90.0,81.0,
"Rodriguez, Bradgley",699134,2026,98.0,95.0,97.0,96.0,95.0,96.0,98.0,80.0,86,90.0,55.0,50.0,74.0,76.0,,98.0,93.0,69.0,
"Rangel, Alan",660604,2026,,,,,,,,,57,,,,,,,,25.0,51.0,1.0
"Warren, Will",701542,2026,36.0,25.0,32.0,45.0,40.0,21.0,55.0,19.0,1,37.0,47.0,58.0,26.0,28.0,,36.0,33.0,91.0,87.0
"Alexander, Jason",669920,2026,,,,,,,,,55,,,,,,,,8.0,27.0,
"Fedde, Erick",607200,2026,34.0,26.0,30.0,36.0,35.0,21.0,58.0,49.0,10,43.0,10.0,47.0,5.0,3.0,,34.0,41.0,7.0,
"Alexander, Tyler",641302,2026,78.0,56.0,82.0,90.0,73.0,90.0,93.0,80.0,55,75.0,38.0,73.0,15.0,67.0,,78.0,10.0,18.0,
"Bernardino, Brennan",657514,2026,61.0,26.0,59.0,83.0,49.0,82.0,88.0,96.0,41,96.0,21.0,78.0,33.0,18.0,,61.0,4.0,27.0,62.0
"Abreu, Bryan",650556,2026,24.0,83.0,62.0,41.0,4.0,82.0,49.0,4.0,81,3.0,85.0,1.0,92.0,7.0,,24.0,63.0,27.0,
"Gómez, Yoendrys",672782,2026,17.0,39.0,16.0,9.0,21.0,42.0,18.0,44.0,7,10.0,33.0,21.0,44.0,31.0,,17.0,60.0,86.0,
"Hoppe, Alex",695380,2026,,,,,,,,,56,,,,,,,,93.0,41.0,
"Weathers, Ryan",677960,2026,34.0,30.0,19.0,14.0,60.0,7.0,15.0,29.0,8,25.0,76.0,78.0,69.0,48.0,,34.0,60.0,67.0,
"Yarbrough, Ryan",642232,2026,86.0,81.0,92.0,94.0,67.0,92.0,96.0,100.0,45,99.0,11.0,34.0,39.0,17.0,,86.0,1.0,1.0,
"Thompson, Ryan",657044,2026,58.0,19.0,59.0,86.0,40.0,90.0,90.0,57.0,28,76.0,11.0,82.0,10.0,94.0,,58.0,2.0,3.0,
"Miller, Mason",695243,2026,100.0,100.0,100.0,100.0,100.0,99.0,97.0,98.0,65,100.0,100.0,36.0,100.0,98.0,,100.0,100.0,96.0,
"Melton, Troy",675512,2026,87.0,80.0,82.0,79.0,87.0,67.0,82.0,48.0,31,67.0,55.0,70.0,59.0,63.0,,87.0,78.0,34.0,
"Ritchie, JR",702275,2026,25.0,58.0,41.0,32.0,12.0,42.0,33.0,37.0,31,54.0,37.0,5.0,38.0,9.0,,25.0,46.0,67.0,56.0
"Foster, Cameron",671382,2026,,,,,,,,,84,,,,,,,,77.0,91.0,
"Alvarado, Elvis",665660,2026,,,,,,,,,12,,,,,,,,97.0,89.0,
"Povich, Cade",700249,2026,,,,,,,,,52,,,,,,,,12.0,87.0,32.0
"Speier, Gabe",642100,2026,,,,,,,,,30,,,,,,,,60.0,33.0,
"Strider, Spencer",675911,2026,70.0,95.0,69.0,28.0,77.0,49.0,9.0,44.0,36,62.0,83.0,13.0,86.0,33.0,,70.0,60.0,69.0,58.0
"Megill, Trevor",656730,2026,93.0,87.0,87.0,78.0,94.0,90.0,86.0,4.0,41,13.0,95.0,73.0,90.0,95.0,,93.0,93.0,81.0,72.0
"Quintana, Jose",500779,2026,20.0,12.0,21.0,34.0,18.0,45.0,38.0,60.0,3,84.0,1.0,36.0,17.0,68.0,,20.0,3.0,16.0,4.0
"Alcantara, Sandy",645261,2026,63.0,36.0,60.0,78.0,60.0,13.0,80.0,59.0,38,71.0,20.0,80.0,24.0,68.0,,63.0,91.0,51.0,25.0
"Peterson, David",656849,2026,14.0,8.0,27.0,47.0,11.0,27.0,67.0,15.0,33,18.0,19.0,36.0,21.0,37.0,,14.0,16.0,17.0,23.0
"Kuhnel, Joel",669270,2026,10.0,2.0,21.0,55.0,5.0,73.0,76.0,44.0,22,43.0,4.0,62.0,29.0,38.0,,10.0,60.0,46.0,
"Way, Beck",694360,2026,,,,,,,,,35,,,,,,,,87.0,14.0,
"Early, Connelly",813349,2026,41.0,59.0,37.0,26.0,47.0,10.0,12.0,11.0,17,33.0,58.0,46.0,38.0,60.0,,41.0,30.0,48.0,22.0
"Ramos, Wilkin",678576,2026,,,,,,,,,94,,,,,,,,55.0,19.0,
"Falter, Bailey",663559,2026,,,,,,,,,59,,,,,,,,16.0,15.0,
"Akin, Keegan",669211,2026,,,,,,,,,65,,,,,,,,36.0,70.0,
"Lawrence, Justin",664875,2026,3.0,17.0,15.0,16.0,1.0,54.0,16.0,22.0,1,19.0,62.0,1.0,57.0,3.0,,3.0,69.0,87.0,
"Bolton, Cody",675989,2026,,,,,,,,,48,,,,,,,,53.0,58.0,
"Guerrero, Tyron",594027,2026,,,,,,,,,49,,,,,,,,99.0,35.0,
"Clarke, Taylor",664199,2026,43.0,37.0,28.0,24.0,62.0,45.0,30.0,85.0,27,83.0,4.0,93.0,12.0,56.0,,43.0,60.0,28.0,
"Morris, Kade",695034,2026,,,,,,,,,83,,,,,,,,48.0,23.0,
"Pushard, Matt",690155,2026,,,,,,,,,85,,,,,,,,59.0,33.0,
"Hill, Jaden",677955,2026,,,,,,,,,10,,,,,,,,90.0,81.0,
"Erceg, Lucas",668674,2026,36.0,41.0,76.0,88.0,7.0,73.0,80.0,88.0,11,37.0,8.0,8.0,15.0,20.0,,36.0,87.0,2.0,
"Gray, Sonny",543243,2026,66.0,50.0,58.0,66.0,72.0,23.0,55.0,47.0,41,62.0,45.0,76.0,26.0,74.0,,66.0,14.0,82.0,52.0
"Young, Brandon",687064,2026,45.0,30.0,43.0,53.0,46.0,31.0,74.0,37.0,13,26.0,26.0,53.0,34.0,90.0,,45.0,42.0,20.0,69.0
"Woo, Bryan",693433,2026,71.0,55.0,53.0,53.0,85.0,20.0,58.0,33.0,11,23.0,61.0,95.0,47.0,90.0,,71.0,73.0,53.0,
"Giolito, Lucas",608337,2026,8.0,23.0,39.0,57.0,2.0,92.0,90.0,22.0,36,15.0,2.0,1.0,41.0,1.0,,8.0,5.0,17.0,
"Mlodzinski, Carmen",669387,2026,22.0,6.0,28.0,51.0,18.0,23.0,51.0,15.0,61,6.0,21.0,55.0,17.0,50.0,,22.0,55.0,8.0,49.0
"Henry, Cole",669371,2026,,,,,,,,,78,,,,,,,,39.0,91.0,
"Rocker, Kumar",677958,2026,30.0,25.0,30.0,37.0,33.0,21.0,51.0,44.0,14,25.0,38.0,44.0,51.0,58.0,,30.0,46.0,17.0,
"May, Dustin",669160,2026,56.0,45.0,63.0,74.0,53.0,31.0,74.0,22.0,7,8.0,49.0,60.0,26.0,49.0,,56.0,85.0,70.0,98.0
"Cuas, Jose",621016,2026,,,,,,,,,85,,,,,,,,18.0,85.0,
"Cornelio, Riley",683000,2026,,,,,,,,,73,,,,,,,,79.0,74.0,
"Waldrep, Hurston",694462,2026,,,,,,,,,69,,,,,,,,44.0,16.0,
"Arrighetti, Spencer",681293,2026,18.0,52.0,45.0,39.0,7.0,28.0,45.0,74.0,62,92.0,50.0,10.0,54.0,12.0,,18.0,18.0,65.0,84.0
"Cecconi, Slade",677944,2026,28.0,16.0,21.0,26.0,38.0,8.0,38.0,53.0,28,46.0,18.0,64.0,12.0,21.0,,28.0,29.0,63.0,23.0
"Dollander, Chase",801403,2026,55.0,78.0,51.0,30.0,63.0,45.0,17.0,11.0,38,1.0,67.0,34.0,70.0,21.0,,55.0,96.0,77.0,74.0
"Muñoz, Andrés",662253,2026,69.0,77.0,79.0,74.0,68.0,73.0,38.0,71.0,31,26.0,99.0,31.0,100.0,98.0,,69.0,99.0,56.0,
"Teng, Kai-Wei",678906,2026,30.0,43.0,48.0,53.0,18.0,42.0,58.0,29.0,16,39.0,49.0,28.0,52.0,28.0,,30.0,30.0,89.0,55.0
"Henriquez, Edgardo",683618,2026,96.0,98.0,99.0,98.0,85.0,96.0,97.0,100.0,67,98.0,65.0,23.0,62.0,91.0,,96.0,100.0,91.0,
"Peoples, Ben",687239,2026,,,,,,,,,76,,,,,,,,78.0,63.0,
"Antone, Tejay",622088,2026,,,,,,,,,52,,,,,,,,53.0,99.0,82.0
"Suarez, Ranger",624133,2026,78.0,55.0,81.0,88.0,74.0,42.0,86.0,93.0,14,91.0,72.0,76.0,44.0,70.0,,78.0,6.0,5.0,3.0
"Sulser, Cole",642121,2026,29.0,29.0,10.0,7.0,58.0,35.0,4.0,80.0,46,48.0,57.0,66.0,61.0,94.0,,29.0,16.0,79.0,
"Loáisiga, Jonathan",642528,2026,87.0,64.0,82.0,87.0,84.0,92.0,95.0,92.0,27,86.0,22.0,88.0,34.0,93.0,,87.0,92.0,66.0,60.0
"Mederos, Victor",682989,2026,,,,,,,,,71,,,,,,,,85.0,93.0,
"Bigge, Hunter",685801,2026,,,,,,,,,57,,,,,,,,81.0,80.0,
"Woodruff, Brandon",605540,2026,92.0,90.0,70.0,43.0,97.0,58.0,46.0,22.0,66,76.0,78.0,90.0,36.0,86.0,,92.0,15.0,62.0,
"Johnson, Seth",686751,2026,,,,,,,,,53,,,,,,,,92.0,75.0,
"Gordon, Colton",676467,2026,,,,,,,,,72,,,,,,,,7.0,4.0,
"Yoho, Craig",684974,2026,,,,,,,,,49,,,,,,,,48.0,86.0,
"Burns, Chase",695505,2026,84.0,87.0,78.0,62.0,87.0,18.0,30.0,48.0,19,64.0,86.0,41.0,90.0,84.0,,84.0,93.0,99.0,
"Mills, Wyatt",670090,2026,,,,,,,,,82,,,,,,,,4.0,1.0,
"Littell, Zack",641793,2026,2.0,3.0,2.0,2.0,16.0,1.0,9.0,2.0,5,9.0,5.0,68.0,2.0,51.0,,2.0,11.0,3.0,
"Klassen, George",691946,2026,,,,,,,,,38,,,,,,,,85.0,74.0,
"Allard, Kolby",663465,2026,,,,,,,,,45,,,,,,,,2.0,1.0,
"Winn, Cole",668390,2026,32.0,13.0,28.0,43.0,36.0,82.0,80.0,62.0,23,21.0,51.0,79.0,69.0,95.0,,32.0,60.0,78.0,
"Castillo, Luis",622491,2026,37.0,33.0,29.0,27.0,53.0,8.0,24.0,31.0,27,32.0,32.0,68.0,35.0,74.0,,37.0,64.0,35.0,
"Bruihl, Justin",677865,2026,43.0,30.0,74.0,93.0,15.0,82.0,93.0,80.0,41,62.0,6.0,42.0,4.0,22.0,,43.0,4.0,25.0,
"Herget, Jimmy",623474,2026,,,,,,,,,5,,,,,,,,7.0,86.0,
"Hall, DL",669084,2026,,,,,,,,,57,,,,,,,,55.0,18.0,67.0
"Assad, Javier",665871,2026,27.0,14.0,18.0,23.0,43.0,35.0,42.0,13.0,26,3.0,8.0,80.0,1.0,1.0,,27.0,28.0,7.0,33.0
"Paredes, Mike",702474,2026,14.0,8.0,19.0,33.0,14.0,67.0,64.0,3.0,41,1.0,1.0,50.0,9.0,30.0,,14.0,26.0,15.0,
"Brown, Hunter",686613,2026,52.0,90.0,85.0,70.0,18.0,82.0,77.0,96.0,30,53.0,62.0,1.0,66.0,6.0,,52.0,72.0,30.0,45.0
"Beck, Brendan",694341,2026,,,,,,,,,44,,,,,,,,20.0,23.0,
"Baker, Bryan",641329,2026,95.0,94.0,95.0,91.0,93.0,82.0,68.0,89.0,65,85.0,86.0,53.0,81.0,93.0,,95.0,87.0,61.0,
"Wilson, Bryse",669060,2026,,,,,,,,,28,,,,,,,,26.0,14.0,
"Gasser, Robert",688107,2026,58.0,60.0,49.0,39.0,71.0,49.0,54.0,88.0,49,92.0,44.0,80.0,30.0,38.0,,58.0,18.0,24.0,
"Miles, Spencer",693686,2026,85.0,60.0,85.0,92.0,80.0,73.0,94.0,90.0,65,81.0,57.0,76.0,9.0,24.0,,85.0,76.0,41.0,88.0
"Lauer, Eric",641778,2026,21.0,33.0,9.0,5.0,47.0,7.0,8.0,62.0,10,68.0,6.0,55.0,5.0,74.0,,21.0,6.0,23.0,22.0
"Greene, Hunter",668881,2026,,,,,,,,,70,,,,,,,,97.0,80.0,
"Bidois, Brandan",684049,2026,,,,,,,,,49,,,,,,,,86.0,69.0,
"Garrett, Braxton",666129,2026,,,,,,,,,43,,,,,,,,10.0,44.0,
"Schultz, Noah",702273,2026,4.0,12.0,10.0,11.0,3.0,28.0,11.0,44.0,46,41.0,28.0,16.0,12.0,16.0,,4.0,60.0,90.0,
"Criswell, Cooper",681867,2026,,,,,,,,,40,,,,,,,,6.0,13.0,
"Sands, Cole",663485,2026,,,,,,,,,68,,,,,,,,25.0,39.0,
"Martin, Chris",455119,2026,,,,,,,,,52,,,,,,,,46.0,25.0,
"Anderson, Grant",681982,2026,85.0,84.0,82.0,75.0,77.0,67.0,65.0,49.0,38,49.0,37.0,24.0,46.0,34.0,,85.0,28.0,72.0,
"Raley, Brooks",548384,2026,69.0,78.0,80.0,74.0,62.0,90.0,87.0,77.0,46,90.0,66.0,39.0,35.0,44.0,,69.0,4.0,84.0,
"Armstrong, Shawn",542888,2026,58.0,84.0,64.0,43.0,49.0,82.0,65.0,47.0,38,66.0,53.0,13.0,48.0,6.0,,58.0,36.0,22.0,
"Yesavage, Trey",702056,2026,74.0,92.0,85.0,70.0,70.0,45.0,82.0,49.0,43,73.0,52.0,12.0,83.0,41.0,,74.0,46.0,43.0,
"Whitlock, Garrett",676477,2026,90.0,62.0,80.0,85.0,94.0,92.0,90.0,67.0,59,75.0,83.0,98.0,70.0,100.0,,90.0,57.0,23.0,
"Skubal, Tarik",669373,2026,86.0,58.0,74.0,81.0,91.0,40.0,65.0,85.0,32,78.0,95.0,100.0,91.0,96.0,,86.0,83.0,52.0,
"Maxwell, Zach",687209,2026,,,,,,,,,49,,,,,,,,97.0,87.0,
"Hancock, Emerson",676106,2026,41.0,36.0,27.0,21.0,63.0,10.0,22.0,26.0,7,16.0,53.0,82.0,34.0,15.0,,41.0,63.0,74.0,
"Pagán, Emilio",641941,2026,,,,,,,,,77,,,,,,,,51.0,97.0,
"Manaea, Sean",640455,2026,41.0,39.0,37.0,39.0,43.0,23.0,36.0,59.0,8,35.0,49.0,66.0,21.0,71.0,,41.0,5.0,6.0,
"Luzardo, Jesús",666200,2026,90.0,85.0,92.0,91.0,85.0,35.0,83.0,88.0,44,93.0,92.0,60.0,91.0,76.0,,90.0,82.0,40.0,
"Payamps, Joel",606303,2026,,,,,,,,,65,,,,,,,,38.0,82.0,
"Shuster, Jared",694363,2026,,,,,,,,,77,,,,,,,,26.0,15.0,
"Rogers, Trevor",669432,2026,46.0,30.0,40.0,51.0,49.0,27.0,70.0,44.0,1,43.0,24.0,59.0,30.0,76.0,,46.0,30.0,88.0,
"Abner, Philip",691769,2026,,,,,,,,,14,,,,,,,,5.0,75.0,
"Jones, Jared",683003,2026,76.0,77.0,66.0,51.0,88.0,73.0,64.0,26.0,5,49.0,91.0,66.0,93.0,49.0,,76.0,96.0,97.0,92.0
"Allen, Logan",671106,2026,,,,,,,,,67,,,,,,,,4.0,16.0,
"Strahm, Matt",621381,2026,60.0,74.0,48.0,28.0,68.0,54.0,24.0,40.0,37,49.0,19.0,44.0,34.0,55.0,,60.0,8.0,94.0,
"Griffin, Foster",656492,2026,57.0,48.0,41.0,38.0,73.0,5.0,22.0,74.0,1,59.0,54.0,90.0,49.0,80.0,,57.0,10.0,9.0,18.0
"Misiorowski, Jacob",694819,2026,99.0,99.0,100.0,98.0,99.0,73.0,97.0,87.0,33,82.0,100.0,80.0,98.0,84.0,,99.0,100.0,99.0,6.0
"Fernandez, Ryan",681676,2026,,,,,,,,,66,,,,,,,,49.0,21.0,
"Gerber, Joey",680702,2026,,,,,,,,,78,,,,,,,,33.0,55.0,
"Morejon, Adrian",670970,2026,97.0,77.0,93.0,98.0,91.0,96.0,99.0,89.0,18,87.0,82.0,87.0,96.0,97.0,,97.0,99.0,85.0,
"Yamamoto, Yoshinobu",808967,2026,82.0,68.0,68.0,62.0,90.0,21.0,65.0,67.0,11,73.0,66.0,91.0,63.0,81.0,,82.0,73.0,45.0,83.0
"Varland, Louis",686973,2026,99.0,96.0,99.0,100.0,99.0,96.0,98.0,85.0,23,74.0,98.0,79.0,80.0,93.0,,99.0,95.0,41.0,42.0
"Sugano, Tomoyuki",608372,2026,1.0,1.0,1.0,1.0,10.0,1.0,2.0,11.0,1,12.0,2.0,85.0,2.0,10.0,,1.0,18.0,74.0,64.0
"Rogers, Tyler",643511,2026,95.0,62.0,94.0,99.0,81.0,99.0,100.0,98.0,21,99.0,2.0,73.0,1.0,24.0,,95.0,1.0,2.0,
"Ashcraft, Braxton",677952,2026,68.0,59.0,59.0,60.0,79.0,21.0,65.0,13.0,19,25.0,78.0,88.0,61.0,96.0,,68.0,89.0,69.0,73.0
"King, Bryan",687911,2026,46.0,35.0,52.0,67.0,33.0,67.0,79.0,80.0,69,70.0,19.0,52.0,2.0,53.0,,46.0,12.0,8.0,
"Detmers, Reid",672282,2026,76.0,77.0,72.0,64.0,82.0,15.0,48.0,29.0,24,55.0,82.0,64.0,74.0,67.0,,76.0,42.0,19.0,41.0
"Holmes, Clay",605280,2026,56.0,37.0,64.0,80.0,45.0,67.0,85.0,29.0,41,15.0,38.0,50.0,24.0,75.0,,56.0,36.0,15.0,93.0
"Farris, Mitch",815083,2026,10.0,12.0,13.0,16.0,14.0,54.0,33.0,33.0,24,4.0,55.0,26.0,72.0,45.0,,10.0,12.0,25.0,
"Milner, Hoby",571948,2026,12.0,2.0,17.0,44.0,13.0,73.0,77.0,56.0,57,55.0,1.0,85.0,2.0,33.0,,12.0,1.0,1.0,
"Ryan, Joe",657746,2026,70.0,75.0,50.0,32.0,91.0,2.0,9.0,31.0,5,27.0,83.0,92.0,57.0,70.0,,70.0,30.0,46.0,78.0
"Martin, Davis",663436,2026,39.0,16.0,41.0,64.0,35.0,23.0,67.0,22.0,1,15.0,45.0,64.0,51.0,78.0,,39.0,34.0,82.0,90.0
"Singer, Brady",663903,2026,20.0,19.0,15.0,15.0,30.0,5.0,18.0,10.0,16,32.0,28.0,73.0,54.0,31.0,,20.0,8.0,73.0,
"Morris, Andrew",702193,2026,91.0,80.0,90.0,93.0,84.0,92.0,97.0,95.0,56,88.0,60.0,66.0,32.0,18.0,,91.0,83.0,7.0,
"Ragans, Cole",666142,2026,18.0,77.0,16.0,3.0,26.0,42.0,1.0,33.0,35,39.0,93.0,3.0,89.0,24.0,,18.0,57.0,98.0,29.0
"Cameron, Noah",702070,2026,20.0,12.0,12.0,15.0,30.0,5.0,20.0,33.0,3,45.0,35.0,62.0,45.0,26.0,,20.0,18.0,60.0,12.0
"Sandlin, David",689818,2026,,,,,,,,,36,,,,,,,,81.0,49.0,49.0
"Miller, Erik",669062,2026,80.0,97.0,94.0,84.0,49.0,90.0,48.0,99.0,14,97.0,96.0,2.0,97.0,9.0,,80.0,86.0,68.0,
"Holmes, Grant",656550,2026,32.0,41.0,33.0,34.0,30.0,18.0,41.0,9.0,38,22.0,30.0,25.0,63.0,60.0,,32.0,39.0,56.0,80.0
"Pérez, Cionel",672335,2026,8.0,12.0,6.0,6.0,20.0,38.0,3.0,2.0,7,1.0,37.0,34.0,39.0,59.0,,8.0,83.0,22.0,60.0
"Fisher, Braydon",680755,2026,61.0,82.0,73.0,61.0,53.0,35.0,4.0,57.0,63,35.0,67.0,15.0,64.0,57.0,,61.0,53.0,34.0,36.0
"Soroka, Michael",647336,2026,54.0,39.0,37.0,39.0,71.0,23.0,35.0,71.0,30,78.0,57.0,94.0,26.0,80.0,,54.0,34.0,91.0,
"Peguero, Joel",666711,2026,,,,,,,,,80,,,,,,,,99.0,43.0,
"Smith, Dylan",681916,2026,,,,,,,,,82,,,,,,,,69.0,83.0,
"Paddack, Chris",663978,2026,20.0,7.0,17.0,30.0,25.0,31.0,38.0,49.0,2,60.0,6.0,70.0,21.0,78.0,,20.0,25.0,29.0,2.0
"Sullivan, Sean",807743,2026,,,,,,,,,45,,,,,,,,1.0,44.0,
"Espino, Daniel",682982,2026,,,,,,,,,92,,,,,,,,98.0,86.0,
"Heuer, Codi",676051,2026,,,,,,,,,81,,,,,,,,67.0,84.0,
"Lodolo, Nick",666157,2026,4.0,3.0,11.0,24.0,2.0,38.0,43.0,15.0,3,52.0,18.0,31.0,15.0,37.0,,4.0,39.0,54.0,55.0
"Bradish, Kyle",680694,2026,58.0,65.0,64.0,61.0,53.0,13.0,43.0,60.0,11,58.0,50.0,21.0,48.0,52.0,,58.0,49.0,42.0,64.0
"Garcia, Julian",670062,2026,,,,,,,,,76,,,,,,,,20.0,99.0,
"Backhus, Kyle",679775,2026,,,,,,,,,73,,,,,,,,5.0,26.0,
"Gallen, Zac",668678,2026,2.0,1.0,2.0,5.0,5.0,1.0,10.0,9.0,14,12.0,3.0,73.0,7.0,59.0,,2.0,29.0,55.0,26.0
"Crow, Coleman",689441,2026,,,,,,,,,23,,,,,,,,8.0,97.0,93.0
"Abbott, Andrew",671096,2026,32.0,33.0,32.0,38.0,30.0,15.0,52.0,29.0,20,51.0,24.0,24.0,33.0,41.0,,32.0,21.0,72.0,81.0
"García, Luis",472610,2026,,,,,,,,,63,,,,,,,,59.0,28.0,
"Topa, Justin",623437,2026,,,,,,,,,4,,,,,,,,30.0,27.0,
"Beck, Tristan",663941,2026,,,,,,,,,71,,,,,,,,46.0,10.0,
"Bido, Osvaldo",674370,2026,,,,,,,,,66,,,,,,,,51.0,76.0,
"Javier, Cristian",664299,2026,,,,,,,,,56,,,,,,,,26.0,29.0,
"Acton, Garrett",670183,2026,,,,,,,,,62,,,,,,,,44.0,92.0,
"Ferrer, José A.",678606,2026,82.0,74.0,82.0,84.0,75.0,73.0,85.0,92.0,46,75.0,25.0,73.0,13.0,28.0,,82.0,91.0,16.0,
"Walker, Josh",677020,2026,,,,,,,,,60,,,,,,,,14.0,20.0,
"Bello, Brayan",678394,2026,4.0,1.0,4.0,11.0,10.0,18.0,18.0,19.0,18,17.0,13.0,58.0,45.0,66.0,,4.0,59.0,4.0,27.0
"Booser, Cam",592155,2026,,,,,,,,,81,,,,,,,,69.0,1.0,
"Nelson, Ryne",669194,2026,14.0,25.0,3.0,2.0,49.0,10.0,15.0,13.0,26,17.0,15.0,83.0,15.0,85.0,,14.0,79.0,49.0,60.0
"Kimbrel, Craig",518886,2026,54.0,40.0,55.0,67.0,42.0,96.0,95.0,40.0,79,74.0,48.0,36.0,51.0,27.0,,54.0,36.0,50.0,
"Jax, Griffin",643377,2026,20.0,18.0,18.0,20.0,30.0,18.0,14.0,49.0,52,38.0,64.0,55.0,86.0,89.0,,20.0,73.0,95.0,94.0
"Mears, Nick",683232,2026,,,,,,,,,57,,,,,,,,49.0,42.0,
"Lynch IV, Daniel",663738,2026,75.0,70.0,73.0,71.0,79.0,73.0,79.0,77.0,38,73.0,33.0,70.0,73.0,59.0,,75.0,51.0,39.0,
"Thornton, Trent",663423,2026,,,,,,,,,2,,,,,,,,55.0,76.0,95.0
"Fermin, José",820862,2026,46.0,65.0,66.0,63.0,24.0,82.0,49.0,11.0,21,15.0,71.0,9.0,88.0,62.0,,46.0,80.0,64.0,
"Rodríguez, Elmer",695684,2026,,,,,,,,,79,,,,,,,,60.0,1.0,
"Krook, Matt",640454,2026,,,,,,,,,27,,,,,,,,3.0,4.0,
"Edwards Jr., Carl",605218,2026,,,,,,,,,93,,,,,,,,21.0,97.0,
"Banda, Anthony",607455,2026,37.0,59.0,57.0,59.0,17.0,73.0,55.0,19.0,2,46.0,40.0,33.0,61.0,17.0,,37.0,51.0,12.0,
"Brash, Matt",666374,2026,,,,,,,,,38,,,,,,,,89.0,40.0,
"Adams, Travis",701519,2026,,,,,,,,,35,,,,,,,,48.0,81.0,
"Crochet, Garrett",676979,2026,18.0,23.0,21.0,21.0,18.0,58.0,11.0,33.0,22,9.0,77.0,57.0,41.0,49.0,,18.0,69.0,77.0,
"Matthews, Zebby",805673,2026,26.0,27.0,14.0,10.0,52.0,10.0,3.0,13.0,22,48.0,30.0,70.0,30.0,20.0,,26.0,60.0,54.0,17.0
"Cole, Gerrit",543037,2026,69.0,55.0,49.0,45.0,88.0,28.0,11.0,21.0,10,18.0,72.0,96.0,19.0,38.0,,69.0,85.0,67.0,84.0
"Manoah, Alek",666201,2026,,,,,,,,,33,,,,,,,,1.0,16.0,
"Ribalta, Orlando",687377,2026,,,,,,,,,38,,,,,,,,85.0,96.0,
"O'Brien, Riley",676617,2026,29.0,50.0,56.0,61.0,12.0,67.0,52.0,53.0,57,37.0,62.0,36.0,66.0,34.0,,29.0,94.0,31.0,
"Watson, Ryan",670245,2026,5.0,7.0,4.0,6.0,14.0,27.0,7.0,40.0,10,43.0,22.0,50.0,39.0,56.0,,5.0,38.0,30.0,6.0
"Mahle, Tyler",641816,2026,43.0,36.0,41.0,49.0,43.0,28.0,52.0,33.0,48,67.0,42.0,39.0,20.0,37.0,,43.0,21.0,64.0,
"Kolek, Stephen",663568,2026,60.0,23.0,55.0,79.0,60.0,45.0,61.0,56.0,22,60.0,7.0,92.0,11.0,13.0,,60.0,41.0,36.0,
"Samaniego, Tyler",701719,2026,,,,,,,,,37,,,,,,,,29.0,28.0,
"De Jesus, Enmanuel",646241,2026,60.0,56.0,63.0,67.0,58.0,82.0,65.0,7.0,86,12.0,50.0,31.0,42.0,18.0,,60.0,42.0,64.0,
"Rodriguez, Eduardo",593958,2026,17.0,15.0,11.0,11.0,30.0,2.0,21.0,52.0,37,57.0,13.0,47.0,10.0,33.0,,17.0,14.0,51.0,14.0
"Brieske, Beau",689225,2026,,,,,,,,,81,,,,,,,,69.0,92.0,
"Fried, Max",608331,2026,97.0,91.0,98.0,99.0,91.0,96.0,100.0,93.0,35,93.0,46.0,59.0,41.0,50.0,,97.0,39.0,12.0,85.0
"Mayza, Tim",641835,2026,70.0,50.0,57.0,64.0,78.0,58.0,58.0,40.0,45,7.0,58.0,85.0,34.0,22.0,,70.0,46.0,8.0,
"Shugart, Chase",663767,2026,27.0,48.0,19.0,9.0,38.0,54.0,7.0,71.0,71,60.0,80.0,44.0,44.0,5.0,,27.0,67.0,12.0,
"Medina, Luis",665622,2026,39.0,53.0,49.0,47.0,25.0,58.0,49.0,15.0,41,46.0,77.0,15.0,87.0,3.0,,39.0,90.0,81.0,48.0
"Nicolas, Kyle",693312,2026,,,,,,,,,49,,,,,,,,85.0,79.0,
"Rajcic, Max",691008,2026,,,,,,,,,86,,,,,,,,67.0,40.0,
"Hurter, Brant",676428,2026,,,,,,,,,66,,,,,,,,16.0,7.0,
"Gamboa, Alec",687941,2026,,,,,,,,,51,,,,,,,,67.0,13.0,
"Whisenhunt, Carson",687931,2026,,,,,,,,,86,,,,,,,,26.0,54.0,
"Dodd, Dylan",689266,2026,,,,,,,,,18,,,,,,,,38.0,22.0,
"Sale, Chris",519242,2026,76.0,66.0,78.0,81.0,77.0,35.0,77.0,79.0,18,84.0,89.0,87.0,80.0,92.0,,76.0,74.0,56.0,
"Drohan, Shane",675660,2026,76.0,68.0,76.0,76.0,81.0,27.0,30.0,65.0,14,60.0,59.0,79.0,68.0,89.0,,76.0,53.0,83.0,87.0
"Barnes, Charlie",656212,2026,,,,,,,,,14,,,,,,,,2.0,4.0,
"Leiter Jr., Mark",643410,2026,46.0,15.0,66.0,92.0,18.0,96.0,96.0,87.0,48,89.0,75.0,62.0,83.0,81.0,,46.0,16.0,4.0,15.0
"Waldichuk, Ken",686610,2026,,,,,,,,,40,,,,,,,,,,17.0
"Morgan, Eli",669212,2026,,,,,,,,,55,,,,,,,,7.0,47.0,
"Waldron, Matt",663362,2026,50.0,53.0,34.0,26.0,72.0,73.0,49.0,37.0,86,49.0,37.0,83.0,7.0,56.0,,50.0,12.0,5.0,
"Webb, Jacob",657097,2026,52.0,46.0,50.0,51.0,53.0,58.0,48.0,37.0,35,11.0,78.0,39.0,92.0,87.0,,52.0,44.0,89.0,
"Urquidy, José",664353,2026,,,,,,,,,92,,,,,,,,21.0,48.0,
"Aldegheri, Sam",691951,2026,10.0,14.0,17.0,22.0,10.0,54.0,29.0,87.0,20,72.0,5.0,18.0,13.0,22.0,,10.0,15.0,30.0,
"Gore, MacKenzie",669022,2026,55.0,53.0,53.0,53.0,57.0,10.0,30.0,29.0,4,14.0,71.0,44.0,53.0,53.0,,55.0,67.0,37.0,9.0
"Kittredge, Andrew",552640,2026,,,,,,,,,8,,,,,,,,57.0,68.0,
"Bratt, Mitch",683352,2026,,,,,,,,,32,,,,,,,,8.0,70.0,
"Moll, Sam",594580,2026,37.0,76.0,71.0,65.0,12.0,73.0,55.0,67.0,56,89.0,63.0,11.0,44.0,10.0,,37.0,11.0,92.0,
"Macko, Adam",671936,2026,,,,,,,,,55,,,,,,,,49.0,55.0,
"Dobbins, Hunter",690928,2026,,,,,,,,,57,,,,,,,,64.0,67.0,
"Sewald, Paul",623149,2026,66.0,91.0,18.0,1.0,97.0,42.0,1.0,5.0,52,24.0,87.0,83.0,75.0,63.0,,66.0,10.0,98.0,
"Lucchesi, Joey",664192,2026,,,,,,,,,83,,,,,,,,15.0,38.0,
"Smith, Cade",671922,2026,83.0,81.0,63.0,45.0,94.0,49.0,16.0,1.0,18,15.0,98.0,87.0,96.0,81.0,,83.0,87.0,65.0,
"Santa, Alimber",695001,2026,,,,,,,,,72,,,,,,,,46.0,2.0,
"Bachar, Lake",669199,2026,78.0,93.0,79.0,53.0,82.0,45.0,27.0,26.0,44,45.0,79.0,38.0,91.0,45.0,,78.0,49.0,100.0,91.0
"Kremer, Dean",665152,2026,29.0,40.0,7.0,3.0,75.0,67.0,27.0,80.0,69,78.0,73.0,83.0,80.0,53.0,,29.0,23.0,33.0,81.0
"Lovelady, Richard",663992,2026,7.0,6.0,30.0,60.0,1.0,82.0,68.0,80.0,47,85.0,21.0,4.0,32.0,37.0,,7.0,8.0,60.0,
"Dobnak, Randy",677976,2026,,,,,,,,,25,,,,,,,,15.0,2.0,
"Cabrera, Jose",703615,2026,,,,,,,,,32,,,,,,,,29.0,45.0,
"Latz, Jacob",656641,2026,98.0,96.0,89.0,68.0,99.0,73.0,70.0,56.0,70,55.0,85.0,80.0,79.0,90.0,,98.0,53.0,60.0,77.0
"Hernández, Jonathan",642546,2026,,,,,,,,,30,,,,,,,,87.0,54.0,
"Leahy, Kyle",681517,2026,14.0,13.0,14.0,15.0,23.0,5.0,11.0,2.0,16,1.0,28.0,55.0,24.0,10.0,,14.0,42.0,25.0,16.0
"Hollowell, Gavin",668970,2026,,,,,,,,,78,,,,,,,,51.0,100.0,
"Kirby, George",669923,2026,63.0,30.0,51.0,67.0,72.0,15.0,61.0,35.0,63,26.0,43.0,93.0,26.0,87.0,,63.0,83.0,49.0,19.0
"Coulombe, Danny",543056,2026,,,,,,,,,26,,,,,,,,3.0,42.0,
"Collyer, Gavin",686560,2026,,,,,,,,,78,,,,,,,,83.0,87.0,
"Duran, Jhoan",661395,2026,99.0,86.0,97.0,98.0,98.0,96.0,91.0,3.0,41,5.0,99.0,97.0,99.0,86.0,,99.0,99.0,10.0,62.0
"Finnegan, Kyle",640448,2026,32.0,56.0,47.0,41.0,21.0,49.0,33.0,17.0,23,14.0,22.0,7.0,60.0,24.0,,32.0,79.0,37.0,
"Peralta, Wandy",593974,2026,41.0,21.0,57.0,81.0,20.0,82.0,93.0,73.0,62,79.0,7.0,28.0,21.0,63.0,,41.0,78.0,11.0,
"Richards, Trevor",670950,2026,63.0,73.0,38.0,19.0,83.0,58.0,41.0,11.0,76,31.0,58.0,64.0,24.0,30.0,,63.0,16.0,44.0,
"Perkins, Jack",678022,2026,46.0,52.0,46.0,41.0,45.0,40.0,45.0,44.0,40,53.0,76.0,50.0,68.0,80.0,,46.0,74.0,39.0,
"Brazobán, Huascar",623211,2026,91.0,89.0,96.0,97.0,73.0,96.0,99.0,99.0,33,99.0,55.0,18.0,51.0,62.0,,91.0,78.0,49.0,
"Wrobleski, Justin",680736,2026,51.0,21.0,34.0,50.0,65.0,15.0,49.0,31.0,36,24.0,25.0,95.0,10.0,74.0,,51.0,44.0,84.0,4.0
"Springs, Jeffrey",605488,2026,26.0,38.0,16.0,9.0,49.0,4.0,16.0,62.0,12,68.0,26.0,50.0,36.0,52.0,,26.0,10.0,17.0,
"Graceffo, Gordon",700669,2026,7.0,20.0,7.0,4.0,13.0,31.0,5.0,1.0,8,4.0,3.0,16.0,1.0,4.0,,7.0,68.0,6.0,75.0
"Suárez, Albert",544150,2026,34.0,30.0,25.0,21.0,56.0,45.0,22.0,35.0,32,40.0,12.0,59.0,42.0,18.0,,34.0,33.0,57.0,
"Mantiply, Joe",573009,2026,,,,,,,,,62,,,,,,,,2.0,20.0,23.0
"Enns, Dietrich",608650,2026,,,,,,,,,77,,,,,,,,38.0,24.0,
"Dotel, Wilber",696062,2026,,,,,,,,,80,,,,,,,,94.0,55.0,
"Wacha, Michael",608379,2026,48.0,37.0,34.0,38.0,59.0,18.0,71.0,57.0,3,65.0,32.0,70.0,23.0,45.0,,48.0,27.0,14.0,13.0
"Roberts, Ethan",681799,2026,,,,,,,,,59,,,,,,,,34.0,92.0,
"Hanifee, Brenan",669724,2026,,,,,,,,,53,,,,,,,,60.0,9.0,
"Kinley, Tyler",641755,2026,88.0,95.0,81.0,53.0,89.0,82.0,68.0,98.0,59,98.0,68.0,31.0,77.0,7.0,,88.0,48.0,77.0,77.0
"Karinchak, James",675916,2026,,,,,,,,,79,,,,,,,,59.0,82.0,36.0
"Gilbert, Logan",669302,2026,65.0,53.0,41.0,35.0,80.0,3.0,13.0,17.0,5,22.0,80.0,92.0,83.0,81.0,,65.0,76.0,29.0,19.0
"Granillo, Andre",701552,2026,,,,,,,,,72,,,,,,,,44.0,42.0,
"Hughes, Gabriel",687312,2026,,,,,,,,,67,,,,,,,,25.0,35.0,
"Holton, Tyler",663947,2026,63.0,26.0,64.0,86.0,59.0,67.0,79.0,62.0,46,46.0,31.0,92.0,36.0,33.0,,63.0,7.0,15.0,
"Voth, Austin",608723,2026,,,,,,,,,65,,,,,,,,12.0,59.0,
"Wheeler, Zack",554430,2026,95.0,89.0,90.0,85.0,97.0,40.0,77.0,91.0,52,80.0,95.0,88.0,88.0,94.0,,95.0,60.0,79.0,87.0
"Cavalli, Cade",676917,2026,55.0,46.0,61.0,70.0,47.0,23.0,67.0,40.0,36,34.0,76.0,70.0,49.0,53.0,,55.0,82.0,43.0,5.0
"Lee, Dylan",669276,2026,100.0,98.0,99.0,97.0,100.0,92.0,93.0,84.0,49,93.0,97.0,96.0,99.0,97.0,,100.0,28.0,77.0,
"Liberatore, Matthew",669461,2026,13.0,11.0,13.0,17.0,20.0,8.0,25.0,10.0,30,19.0,42.0,46.0,32.0,41.0,,13.0,48.0,13.0,96.0
"Petty, Chase",695534,2026,,,,,,,,,24,,,,,,,,83.0,26.0,
"Carrasco, Carlos",471911,2026,,,,,,,,,65,,,,,,,,6.0,33.0,
"Hill, Tim",657612,2026,37.0,27.0,27.0,27.0,47.0,58.0,55.0,22.0,14,18.0,1.0,90.0,1.0,18.0,,37.0,1.0,9.0,
"Weissert, Greg",669711,2026,76.0,74.0,71.0,64.0,80.0,90.0,90.0,85.0,8,87.0,43.0,68.0,30.0,79.0,,76.0,39.0,30.0,
"Englert, Mason",669438,2026,5.0,7.0,1.0,1.0,43.0,31.0,1.0,42.0,24,53.0,34.0,94.0,40.0,97.0,,5.0,16.0,39.0,72.0
"Newcomb, Sean",656794,2026,58.0,39.0,73.0,87.0,30.0,67.0,83.0,80.0,43,65.0,61.0,44.0,47.0,18.0,,58.0,42.0,48.0,
"Laweryson, Cody",689520,2026,,,,,,,,,76,,,,,,,,21.0,61.0,
"Doval, Camilo",666808,2026,67.0,68.0,75.0,75.0,60.0,73.0,71.0,8.0,63,2.0,40.0,40.0,57.0,38.0,,67.0,96.0,96.0,
"Rodríguez, Yariel",684320,2026,,,,,,,,,53,,,,,,,,72.0,82.0,
"Eovaldi, Nathan",543135,2026,52.0,48.0,33.0,30.0,73.0,8.0,35.0,49.0,3,33.0,70.0,88.0,87.0,95.0,,52.0,44.0,22.0,1.0
"Kelly, Merrill",518876,2026,1.0,1.0,1.0,1.0,4.0,1.0,2.0,15.0,10,10.0,5.0,40.0,15.0,86.0,,1.0,18.0,67.0,47.0
"Tidwell, Blade",694918,2026,,,,,,,,,53,,,,,,,,76.0,37.0,
"Funderburk, Kody",681892,2026,,,,,,,,,17,,,,,,,,23.0,78.0,
"Ginn, J.T.",669372,2026,55.0,59.0,68.0,70.0,38.0,27.0,71.0,80.0,29,74.0,44.0,21.0,67.0,53.0,,55.0,34.0,3.0,
"Gage, Matt",657424,2026,,,,,,,,,48,,,,,,,,18.0,19.0,
"Lorenzen, Michael",547179,2026,7.0,3.0,9.0,20.0,11.0,3.0,26.0,10.0,11,5.0,9.0,55.0,6.0,4.0,,7.0,36.0,63.0,44.0
"Soriano, José",667755,2026,39.0,46.0,52.0,57.0,27.0,13.0,43.0,52.0,23,56.0,66.0,20.0,88.0,70.0,,39.0,85.0,7.0,18.0
"Sabrowski, Erik",681870,2026,,,,,,,,,51,,,,,,,,42.0,97.0,56.0
"Barnett, Mason",686930,2026,,,,,,,,,81,,,,,,,,57.0,46.0,
"Taillon, Jameson",592791,2026,10.0,37.0,2.0,1.0,49.0,5.0,1.0,53.0,26,46.0,40.0,55.0,57.0,57.0,,10.0,12.0,64.0,45.0
"Rom, Drew",680723,2026,,,,,,,,,14,,,,,,,,20.0,49.0,
"Lord, Brad",695418,2026,46.0,43.0,48.0,51.0,38.0,54.0,76.0,65.0,3,33.0,39.0,49.0,14.0,58.0,,46.0,48.0,77.0,
"Kent, Zak",687849,2026,,,,,,,,,76,,,,,,,,24.0,100.0,
"Bieber, Shane",669456,2026,,,,,,,,,18,,,,,,,,16.0,78.0,42.0
"Thompson, Keegan",624522,2026,,,,,,,,,30,,,,,,,,16.0,90.0,
"Festa, Matt",670036,2026,41.0,43.0,35.0,35.0,53.0,45.0,20.0,71.0,60,43.0,61.0,73.0,68.0,57.0,,41.0,21.0,93.0,
"Cano, Yennier",666974,2026,81.0,68.0,73.0,70.0,88.0,82.0,71.0,44.0,53,33.0,35.0,94.0,54.0,73.0,,81.0,55.0,10.0,
"Skenes, Paul",694973,2026,93.0,87.0,87.0,81.0,95.0,28.0,74.0,62.0,41,55.0,92.0,91.0,68.0,82.0,,93.0,86.0,25.0,
"Koenig, Jared",657649,2026,,,,,,,,,2,,,,,,,,44.0,60.0,
"Gaddis, Hunter",683769,2026,49.0,20.0,44.0,65.0,47.0,73.0,55.0,93.0,12,98.0,43.0,73.0,82.0,65.0,,49.0,60.0,40.0,
"Helsley, Ryan",664854,2026,,,,,,,,,87,,,,,,,,97.0,98.0,
"Johnson, Ryan",696270,2026,30.0,41.0,24.0,14.0,45.0,54.0,42.0,74.0,14,65.0,17.0,34.0,53.0,51.0,,30.0,15.0,33.0,
"Ureña, Walbert",700712,2026,78.0,89.0,95.0,93.0,52.0,45.0,87.0,85.0,8,83.0,45.0,12.0,71.0,63.0,,78.0,92.0,30.0,
"Nola, Aaron",605400,2026,41.0,40.0,26.0,18.0,62.0,2.0,13.0,53.0,16,35.0,55.0,62.0,67.0,71.0,,41.0,14.0,58.0,54.0
"De los Santos, Yerry",660787,2026,,,,,,,,,40,,,,,,,,67.0,11.0,
"Mattson, Isaac",676755,2026,6.0,10.0,5.0,7.0,14.0,45.0,4.0,7.0,36,6.0,35.0,29.0,21.0,13.0,,6.0,42.0,72.0,
"Santillan, Tony",663574,2026,16.0,35.0,8.0,4.0,33.0,54.0,10.0,2.0,51,5.0,38.0,24.0,28.0,30.0,,16.0,51.0,65.0,
"Quantrill, Cal",615698,2026,23.0,26.0,15.0,13.0,35.0,35.0,27.0,74.0,40,78.0,3.0,66.0,6.0,34.0,,23.0,41.0,12.0,
"Domínguez, Seranthony",622554,2026,18.0,49.0,31.0,22.0,10.0,67.0,18.0,5.0,41,39.0,86.0,6.0,82.0,15.0,,18.0,90.0,50.0,
"Rojas, Kendry",696070,2026,,,,,,,,,81,,,,,,,,69.0,23.0,
"Vanasco, Ricky",676568,2026,,,,,,,,,84,,,,,,,,36.0,28.0,
"Garcia, Brandyn",805299,2026,,,,,,,,,8,,,,,,,,90.0,50.0,
"Montero, Keider",672456,2026,73.0,64.0,55.0,48.0,88.0,18.0,52.0,53.0,32,54.0,22.0,92.0,7.0,22.0,,73.0,49.0,37.0,89.0
"Phillips, Connor",683175,2026,3.0,50.0,38.0,32.0,1.0,73.0,22.0,29.0,55,35.0,40.0,1.0,62.0,1.0,,3.0,95.0,92.0,
"Fulton, Dax",690978,2026,,,,,,,,,45,,,,,,,,63.0,73.0,
"Seymour, Ian",693855,2026,66.0,79.0,52.0,30.0,70.0,35.0,26.0,59.0,44,58.0,83.0,39.0,79.0,76.0,,66.0,7.0,14.0,
"Pallette, Peyton",688883,2026,,,,,,,,,40,,,,,,,,67.0,50.0,78.0
"Mey, Luis",682825,2026,,,,,,,,,63,,,,,,,,98.0,58.0,
"Schweitzer, Tyler",805326,2026,,,,,,,,,69,,,,,,,,46.0,83.0,
"Imanaga, Shota",684007,2026,63.0,60.0,40.0,28.0,82.0,4.0,17.0,64.0,41,64.0,54.0,85.0,78.0,96.0,,63.0,11.0,93.0,40.0
"Gusto, Ryan",687473,2026,30.0,18.0,31.0,44.0,34.0,58.0,27.0,35.0,62,24.0,30.0,68.0,17.0,41.0,,30.0,34.0,71.0,
"Buehler, Walker",621111,2026,39.0,37.0,41.0,48.0,33.0,15.0,36.0,19.0,31,32.0,34.0,31.0,15.0,8.0,,39.0,41.0,15.0,31.0
"Leiter, Jack",683004,2026,25.0,29.0,27.0,27.0,25.0,15.0,14.0,64.0,20,38.0,53.0,29.0,51.0,51.0,,25.0,81.0,86.0,75.0
"Young, Danny",664849,2026,,,,,,,,,88,,,,,,,,33.0,61.0,
"Sommers, Drew",805427,2026,,,,,,,,,88,,,,,,,,53.0,27.0,
"Wolfram, Grant",664991,2026,72.0,58.0,77.0,84.0,63.0,90.0,80.0,52.0,61,55.0,62.0,85.0,45.0,60.0,,72.0,69.0,51.0,26.0
"Sheehan, Emmet",686218,2026,57.0,62.0,43.0,31.0,71.0,13.0,14.0,37.0,43,38.0,75.0,68.0,84.0,92.0,,57.0,49.0,87.0,53.0
"Lopez, Jacob",682052,2026,57.0,70.0,77.0,77.0,36.0,58.0,89.0,97.0,45,90.0,14.0,9.0,19.0,8.0,,57.0,4.0,22.0,
"Bender, Anthony",669622,2026,95.0,94.0,96.0,94.0,86.0,82.0,55.0,57.0,57,82.0,90.0,47.0,41.0,12.0,,95.0,80.0,61.0,
"Bellozo, Valente",678368,2026,,,,,,,,,46,,,,,,,,2.0,7.0,
"Castaño, Blas",680604,2026,,,,,,,,,32,,,,,,,,44.0,20.0,
"Martin, Trevor",694680,2026,,,,,,,,,59,,,,,,,,57.0,46.0,
"Adam, Jason",592094,2026,72.0,72.0,60.0,51.0,83.0,73.0,61.0,67.0,4,64.0,10.0,85.0,74.0,93.0,,72.0,30.0,94.0,
"Treinen, Blake",595014,2026,,,,,,,,,51,,,,,,,,57.0,52.0,
"Stewart, Brock",592779,2026,,,,,,,,,87,,,,,,,,64.0,92.0,
"Halvorsen, Seth",678020,2026,,,,,,,,,53,,,,,,,,98.0,53.0,
"Walker, Ryan",676254,2026,,,,,,,,,51,,,,,,,,63.0,69.0,
"Brown, Ben",676962,2026,82.0,74.0,81.0,83.0,80.0,42.0,52.0,17.0,19,19.0,63.0,68.0,66.0,53.0,,82.0,80.0,28.0,13.0
"Cantillo, Joey",676282,2026,55.0,65.0,64.0,61.0,45.0,20.0,48.0,73.0,33,59.0,64.0,17.0,85.0,44.0,,55.0,15.0,1.0,65.0
"Bibee, Tanner",676440,2026,36.0,27.0,26.0,24.0,53.0,5.0,30.0,33.0,4,35.0,26.0,68.0,45.0,10.0,,36.0,36.0,17.0,48.0
"Tolle, Payton",801139,2026,89.0,86.0,83.0,73.0,92.0,31.0,55.0,67.0,27,77.0,73.0,70.0,57.0,86.0,,89.0,72.0,42.0,25.0
"McGreevy, Michael",700241,2026,12.0,5.0,4.0,9.0,38.0,4.0,20.0,19.0,3,31.0,11.0,91.0,8.0,38.0,,12.0,7.0,35.0,39.0
"Weaver, Luke",596133,2026,93.0,91.0,80.0,59.0,95.0,58.0,30.0,59.0,30,87.0,81.0,73.0,85.0,82.0,,93.0,64.0,88.0,
"Bowlan, Jonathan",680742,2026,97.0,93.0,95.0,91.0,95.0,92.0,88.0,97.0,66,97.0,89.0,87.0,92.0,76.0,,97.0,90.0,79.0,
"Scott, Tanner",656945,2026,94.0,72.0,80.0,79.0,96.0,82.0,70.0,53.0,20,92.0,98.0,100.0,98.0,100.0,,94.0,85.0,97.0,
"Hicks, Jordan",663855,2026,,,,,,,,,44,,,,,,,,98.0,1.0,
"Seabold, Connor",657756,2026,,,,,,,,,32,,,,,,,,34.0,19.0,
"Rodón, Carlos",607074,2026,66.0,82.0,86.0,84.0,42.0,82.0,86.0,26.0,33,68.0,77.0,7.0,76.0,33.0,,66.0,42.0,68.0,
"Lambert, Peter",663567,2026,71.0,86.0,75.0,57.0,75.0,28.0,64.0,47.0,7,56.0,51.0,36.0,48.0,46.0,,71.0,38.0,46.0,
"Suarez, José",660761,2026,67.0,46.0,83.0,95.0,38.0,96.0,99.0,65.0,6,90.0,68.0,34.0,72.0,65.0,,67.0,21.0,69.0,
"Sanders, Cam",676742,2026,,,,,,,,,63,,,,,,,,77.0,98.0,
"Ramírez, Yohan",670990,2026,61.0,72.0,88.0,93.0,9.0,67.0,77.0,98.0,72,93.0,69.0,8.0,59.0,51.0,,61.0,81.0,55.0,30.0
"Irvin, Jake",663623,2026,14.0,40.0,14.0,8.0,23.0,31.0,6.0,31.0,6,8.0,70.0,33.0,53.0,6.0,,14.0,20.0,60.0,41.0
"Pfaadt, Brandon",694297,2026,45.0,41.0,35.0,35.0,57.0,31.0,29.0,53.0,27,59.0,14.0,70.0,15.0,60.0,,45.0,28.0,82.0,35.0
"Bachman, Sam",696147,2026,75.0,82.0,89.0,87.0,60.0,67.0,55.0,88.0,12,87.0,65.0,20.0,94.0,84.0,,75.0,97.0,74.0,
"Boyd, Matthew",571510,2026,28.0,21.0,21.0,23.0,41.0,38.0,16.0,22.0,25,9.0,54.0,80.0,69.0,73.0,,28.0,23.0,62.0,9.0
"Kay, Anthony",641743,2026,12.0,17.0,32.0,51.0,5.0,12.0,35.0,56.0,16,46.0,18.0,41.0,35.0,73.0,,12.0,68.0,55.0,
"Phillips, Tyler",663969,2026,26.0,25.0,33.0,48.0,18.0,27.0,46.0,22.0,21,21.0,13.0,23.0,55.0,67.0,,26.0,74.0,12.0,46.0
"Sánchez, Cristopher",650911,2026,76.0,56.0,62.0,66.0,88.0,5.0,38.0,33.0,23,15.0,81.0,98.0,92.0,99.0,,76.0,63.0,16.0,
"Schlittler, Cam",693645,2026,87.0,78.0,72.0,63.0,94.0,12.0,41.0,65.0,5,48.0,92.0,94.0,67.0,91.0,,87.0,93.0,88.0,42.0
"Houser, Adrian",605288,2026,12.0,15.0,8.0,8.0,29.0,10.0,20.0,21.0,22,27.0,7.0,62.0,5.0,8.0,,12.0,59.0,35.0,1.0
"Gervase, Paul",801434,2026,,,,,,,,,90,,,,,,,,23.0,32.0,
"Canning, Griffin",656288,2026,22.0,33.0,30.0,32.0,16.0,31.0,17.0,10.0,14,3.0,46.0,13.0,42.0,5.0,,22.0,42.0,21.0,40.0
"Dreyer, Jack",676263,2026,81.0,65.0,64.0,62.0,83.0,73.0,65.0,49.0,31,37.0,87.0,85.0,68.0,74.0,,81.0,39.0,90.0,46.0
"Roupp, Landen",694738,2026,74.0,70.0,86.0,88.0,62.0,45.0,91.0,88.0,21,95.0,65.0,30.0,48.0,48.0,,74.0,29.0,8.0,96.0
"Rolison, Ryan",669020,2026,52.0,52.0,68.0,73.0,41.0,82.0,74.0,31.0,26,23.0,72.0,20.0,23.0,7.0,,52.0,51.0,51.0,61.0
"Kahnle, Tommy",592454,2026,,,,,,,,,14,,,,,,,,34.0,29.0,
"Myers, Tobias",668964,2026,29.0,10.0,23.0,36.0,40.0,58.0,76.0,2.0,19,7.0,12.0,79.0,4.0,30.0,,29.0,23.0,38.0,
"Prielipp, Connor",687570,2026,43.0,56.0,38.0,28.0,56.0,28.0,24.0,19.0,48,41.0,60.0,49.0,29.0,56.0,,43.0,64.0,53.0,99.0
"Cruz, Fernando",518585,2026,82.0,96.0,91.0,76.0,62.0,73.0,61.0,96.0,69,100.0,93.0,4.0,99.0,46.0,,82.0,28.0,36.0,
"Mikolas, Miles",571945,2026,17.0,6.0,4.0,9.0,53.0,7.0,30.0,26.0,17,30.0,1.0,96.0,1.0,43.0,,17.0,27.0,26.0,44.0
"Painter, Andrew",691725,2026,16.0,13.0,12.0,14.0,25.0,21.0,21.0,80.0,20,71.0,16.0,57.0,26.0,71.0,,16.0,78.0,36.0,57.0
"Silseth, Chase",681217,2026,65.0,80.0,70.0,57.0,53.0,58.0,22.0,87.0,80,85.0,86.0,12.0,95.0,60.0,,65.0,74.0,79.0,
"Bassitt, Chris",605135,2026,18.0,6.0,38.0,74.0,6.0,67.0,91.0,77.0,13,76.0,5.0,50.0,19.0,4.0,,18.0,12.0,11.0,12.0
"Senga, Kodai",673540,2026,10.0,46.0,28.0,18.0,4.0,38.0,2.0,22.0,62,48.0,70.0,2.0,76.0,13.0,,10.0,69.0,71.0,
"Minter, A.J.",621345,2026,,,,,,,,,81,,,,,,,,26.0,86.0,
"Wilcox, Cole",677961,2026,,,,,,,,,7,,,,,,,,82.0,10.0,
"Messick, Parker",800048,2026,81.0,68.0,78.0,80.0,79.0,31.0,83.0,79.0,49,83.0,66.0,60.0,55.0,62.0,,81.0,33.0,14.0,10.0
"Gibson, Cade",806188,2026,,,,,,,,,72,,,,,,,,18.0,66.0,97.0
"Williams, Devin",642207,2026,72.0,74.0,87.0,89.0,47.0,90.0,83.0,67.0,68,93.0,87.0,12.0,96.0,99.0,,72.0,39.0,68.0,
"Yates, Kirby",489446,2026,,,,,,,,,28,,,,,,,,5.0,58.0,
"Pérez, Martín",527048,2026,32.0,27.0,44.0,57.0,23.0,35.0,68.0,60.0,1,59.0,22.0,25.0,25.0,10.0,,32.0,2.0,3.0,21.0
"Legumina, Casey",668984,2026,21.0,8.0,21.0,36.0,18.0,49.0,36.0,67.0,1,40.0,11.0,82.0,14.0,63.0,,21.0,29.0,73.0,
"Murphy, Owen",702566,2026,,,,,,,,,61,,,,,,,,33.0,87.0,
"Varland, Gus",681402,2026,2.0,3.0,1.0,1.0,7.0,35.0,1.0,1.0,49,1.0,33.0,26.0,26.0,76.0,,2.0,60.0,59.0,
"Hoffman, Jeff",656546,2026,75.0,84.0,87.0,84.0,65.0,58.0,35.0,80.0,70,88.0,97.0,53.0,98.0,98.0,,75.0,81.0,96.0,
"Williams, Gavin",668909,2026,39.0,49.0,25.0,13.0,63.0,1.0,6.0,7.0,3,2.0,93.0,62.0,80.0,70.0,,39.0,86.0,26.0,28.0
"Morán, Jovani",663558,2026,92.0,96.0,91.0,71.0,86.0,73.0,58.0,80.0,46,95.0,84.0,18.0,93.0,27.0,,92.0,20.0,68.0,
"De Los Santos, Enyel",660853,2026,75.0,62.0,59.0,57.0,86.0,67.0,79.0,67.0,60,62.0,53.0,85.0,78.0,66.0,,75.0,59.0,39.0,
"Morillo, Juan",666661,2026,98.0,98.0,98.0,96.0,92.0,92.0,91.0,97.0,43,88.0,89.0,33.0,91.0,85.0,,98.0,97.0,34.0,
"Sisk, Evan",681895,2026,90.0,94.0,96.0,95.0,77.0,96.0,96.0,98.0,60,91.0,85.0,47.0,60.0,4.0,,90.0,8.0,2.0,4.0
"Bummer, Aaron",607481,2026,,,,,,,,,73,,,,,,,,4.0,5.0,11.0
"Garcia, Robert",676395,2026,,,,,,,,,62,,,,,,,,44.0,44.0,
"Tong, Jonah",804636,2026,,,,,,,,,89,,,,,,,,72.0,41.0,
"Roycroft, Chris",688297,2026,,,,,,,,,73,,,,,,,,69.0,24.0,
"Harrison, Kyle",690986,2026,84.0,73.0,75.0,71.0,87.0,40.0,68.0,42.0,6,62.0,92.0,87.0,76.0,76.0,,84.0,59.0,75.0,
"Márquez, Germán",608566,2026,5.0,15.0,6.0,5.0,13.0,40.0,21.0,37.0,16,10.0,7.0,20.0,11.0,9.0,,5.0,51.0,21.0,52.0
"Aleman, Franco",680916,2026,,,,,,,,,77,,,,,,,,85.0,98.0,
"Soto, Gregory",642397,2026,80.0,88.0,88.0,81.0,72.0,82.0,77.0,95.0,40,77.0,82.0,23.0,73.0,34.0,,80.0,83.0,62.0,
"Matsui, Yuki",673513,2026,58.0,97.0,69.0,22.0,47.0,58.0,12.0,79.0,66,85.0,73.0,3.0,99.0,56.0,,58.0,12.0,81.0,
"Sears, JP",676664,2026,,,,,,,,,49,,,,,,,,24.0,1.0,
"Jameson, Drey",686753,2026,,,,,,,,,88,,,,,,,,77.0,59.0,
"Smith, Shane",681343,2026,,,,,,,,,56,,,,,,,,69.0,31.0,1.0
"deGrom, Jacob",594798,2026,69.0,62.0,45.0,34.0,89.0,13.0,26.0,8.0,6,10.0,94.0,90.0,95.0,87.0,,69.0,89.0,90.0,76.0
"Vodnik, Victor",680767,2026,41.0,50.0,54.0,57.0,18.0,73.0,58.0,26.0,49,56.0,9.0,8.0,48.0,27.0,,41.0,96.0,41.0,
"Díaz, Edwin",621242,2026,,,,,,,,,95,,,,,,,,72.0,65.0,
"Kikuchi, Yusei",579328,2026,22.0,27.0,19.0,17.0,27.0,67.0,36.0,19.0,2,24.0,51.0,29.0,55.0,18.0,,22.0,67.0,44.0,51.0
"Soriano, George",666277,2026,63.0,79.0,53.0,33.0,75.0,49.0,30.0,17.0,16,29.0,46.0,42.0,85.0,81.0,,63.0,81.0,22.0,
"Rasmussen, Drew",656876,2026,75.0,53.0,62.0,70.0,85.0,23.0,61.0,73.0,38,80.0,66.0,98.0,41.0,79.0,,75.0,73.0,91.0,53.0
"Johnson, Pierce",572955,2026,,,,,,,,,57,,,,,,,,64.0,61.0,85.0
"Ober, Bailey",641927,2026,37.0,38.0,20.0,13.0,66.0,15.0,25.0,65.0,4,84.0,15.0,80.0,10.0,31.0,,37.0,1.0,44.0,
"Bednar, David",670280,2026,93.0,84.0,95.0,97.0,84.0,92.0,95.0,90.0,36,62.0,80.0,57.0,85.0,99.0,,93.0,77.0,75.0,24.0
"Bradley, Taj",671737,2026,56.0,66.0,52.0,43.0,63.0,8.0,18.0,4.0,23,9.0,80.0,36.0,64.0,38.0,,56.0,86.0,59.0,20.0
"Vesia, Alex",681911,2026,93.0,99.0,98.0,92.0,68.0,92.0,82.0,79.0,16,69.0,97.0,1.0,98.0,79.0,,93.0,12.0,92.0,
"Rivera, Eduardo",700842,2026,,,,,,,,,26,,,,,,,,64.0,36.0,
"Maton, Phil",664208,2026,1.0,2.0,5.0,13.0,1.0,54.0,7.0,52.0,59,21.0,49.0,14.0,53.0,40.0,,1.0,4.0,56.0,98.0
"Dion, Will",702021,2026,,,,,,,,,41,,,,,,,,8.0,73.0,33.0
"Brubaker, JT",664141,2026,35.0,33.0,29.0,28.0,38.0,58.0,71.0,62.0,30,62.0,17.0,26.0,19.0,52.0,,35.0,34.0,32.0,69.0
"Imai, Tatsuya",837227,2026,23.0,64.0,34.0,20.0,15.0,35.0,10.0,26.0,24,8.0,81.0,5.0,88.0,16.0,,23.0,55.0,3.0,
"Ferguson, Caleb",657571,2026,,,,,,,,,61,,,,,,,,20.0,59.0,
"Herrin, Tim",682120,2026,43.0,85.0,63.0,37.0,21.0,67.0,29.0,80.0,48,74.0,28.0,5.0,88.0,28.0,,43.0,44.0,52.0,15.0
"Fuentes, Didier",800311,2026,80.0,65.0,79.0,84.0,77.0,82.0,82.0,48.0,62,72.0,82.0,64.0,60.0,46.0,,80.0,87.0,13.0,
"Sproat, Brandon",687075,2026,24.0,48.0,37.0,34.0,15.0,23.0,30.0,26.0,13,21.0,62.0,16.0,47.0,9.0,,24.0,81.0,5.0,43.0
"Brogdon, Connor",641401,2026,,,,,,,,,35,,,,,,,,49.0,62.0,
"Leasure, Jordan",673929,2026,,,,,,,,,5,,,,,,,,73.0,56.0,
"Vásquez, Randy",681190,2026,1.0,1.0,1.0,2.0,8.0,1.0,4.0,1.0,12,5.0,10.0,73.0,12.0,24.0,,1.0,59.0,85.0,97.0
"Lange, Alex",656638,2026,21.0,43.0,40.0,39.0,9.0,40.0,5.0,22.0,12,30.0,46.0,11.0,62.0,38.0,,21.0,72.0,29.0,
"Horton, Cade",690990,2026,,,,,,,,,55,,,,,,,,68.0,95.0,
"Woodford, Jake",663765,2026,,,,,,,,,55,,,,,,,,36.0,8.0,
"Keller, Mitch",656605,2026,14.0,5.0,20.0,39.0,12.0,15.0,54.0,37.0,33,28.0,18.0,57.0,15.0,49.0,,14.0,26.0,76.0,59.0
"Stanek, Ryne",592773,2026,50.0,74.0,60.0,49.0,30.0,67.0,48.0,35.0,11,82.0,59.0,7.0,77.0,36.0,,50.0,93.0,57.0,
"Borucki, Ryan",621366,2026,,,,,,,,,47,,,,,,,,33.0,46.0,
"Peralta, Freddy",642547,2026,60.0,58.0,66.0,68.0,53.0,28.0,83.0,67.0,7,49.0,47.0,38.0,60.0,34.0,,60.0,44.0,85.0,10.0
"Meyer, Max",676974,2026,58.0,68.0,57.0,51.0,60.0,13.0,35.0,31.0,29,28.0,73.0,42.0,74.0,63.0,,58.0,53.0,98.0,
"Scherzer, Max",453286,2026,,,,,,,,,44,,,,,,,,27.0,71.0,66.0
"Barlow, Scott",605130,2026,8.0,56.0,18.0,6.0,4.0,58.0,25.0,65.0,73,65.0,26.0,8.0,93.0,62.0,,8.0,2.0,37.0,38.0
"Burke, Brock",656271,2026,30.0,46.0,47.0,49.0,8.0,49.0,36.0,73.0,57,90.0,27.0,5.0,70.0,28.0,,30.0,69.0,53.0,
"Wells, Tyler",669330,2026,81.0,80.0,61.0,44.0,93.0,67.0,73.0,74.0,26,80.0,74.0,90.0,87.0,79.0,,81.0,33.0,84.0,
"Freeland, Kyle",607536,2026,7.0,2.0,3.0,8.0,29.0,2.0,10.0,9.0,21,16.0,28.0,96.0,30.0,82.0,,7.0,11.0,77.0,19.0
"Santana, Dennis",642701,2026,12.0,20.0,14.0,13.0,11.0,45.0,22.0,29.0,61,31.0,32.0,18.0,55.0,89.0,,12.0,42.0,84.0,
